-- MySQL dump 10.13  Distrib 8.4.0, for Win64 (x86_64)
--
-- Host: 118.31.228.221    Database: ds
-- ------------------------------------------------------
-- Server version	8.0.39

/*!40101 SET @OLD_CHARACTER_SET_CLIENT=@@CHARACTER_SET_CLIENT */;
/*!40101 SET @OLD_CHARACTER_SET_RESULTS=@@CHARACTER_SET_RESULTS */;
/*!40101 SET @OLD_COLLATION_CONNECTION=@@COLLATION_CONNECTION */;
/*!50503 SET NAMES utf8mb4 */;
/*!40103 SET @OLD_TIME_ZONE=@@TIME_ZONE */;
/*!40103 SET TIME_ZONE='+00:00' */;
/*!40014 SET @OLD_UNIQUE_CHECKS=@@UNIQUE_CHECKS, UNIQUE_CHECKS=0 */;
/*!40014 SET @OLD_FOREIGN_KEY_CHECKS=@@FOREIGN_KEY_CHECKS, FOREIGN_KEY_CHECKS=0 */;
/*!40101 SET @OLD_SQL_MODE=@@SQL_MODE, SQL_MODE='NO_AUTO_VALUE_ON_ZERO' */;
/*!40111 SET @OLD_SQL_NOTES=@@SQL_NOTES, SQL_NOTES=0 */;

--
-- Table structure for table `activity`
--

DROP TABLE IF EXISTS `activity`;
/*!40101 SET @saved_cs_client     = @@character_set_client */;
/*!50503 SET character_set_client = utf8mb4 */;
CREATE TABLE `activity` (
  `id` int NOT NULL AUTO_INCREMENT,
  `name` varchar(255) DEFAULT NULL,
  `description` varchar(255) DEFAULT NULL,
  `create_time` date DEFAULT NULL,
  `end_time` date DEFAULT NULL,
  PRIMARY KEY (`id`)
) ENGINE=InnoDB AUTO_INCREMENT=3 DEFAULT CHARSET=utf8mb4 COLLATE=utf8mb4_0900_ai_ci;
/*!40101 SET character_set_client = @saved_cs_client */;

--
-- Dumping data for table `activity`
--

LOCK TABLES `activity` WRITE;
/*!40000 ALTER TABLE `activity` DISABLE KEYS */;
INSERT INTO `activity` VALUES (1,'test',NULL,'2024-10-06','2024-10-09'),(2,'2024年双选大会',NULL,'2024-10-18','2024-11-30');
/*!40000 ALTER TABLE `activity` ENABLE KEYS */;
UNLOCK TABLES;

--
-- Table structure for table `gen_table`
--

DROP TABLE IF EXISTS `gen_table`;
/*!40101 SET @saved_cs_client     = @@character_set_client */;
/*!50503 SET character_set_client = utf8mb4 */;
CREATE TABLE `gen_table` (
  `table_id` bigint NOT NULL AUTO_INCREMENT COMMENT '编号',
  `table_name` varchar(200) DEFAULT '' COMMENT '表名称',
  `table_comment` varchar(500) DEFAULT '' COMMENT '表描述',
  `sub_table_name` varchar(64) DEFAULT NULL COMMENT '关联子表的表名',
  `sub_table_fk_name` varchar(64) DEFAULT NULL COMMENT '子表关联的外键名',
  `class_name` varchar(100) DEFAULT '' COMMENT '实体类名称',
  `tpl_category` varchar(200) DEFAULT 'crud' COMMENT '使用的模板（crud单表操作 tree树表操作）',
  `tpl_web_type` varchar(30) DEFAULT '' COMMENT '前端模板类型（element-ui模版 element-plus模版）',
  `package_name` varchar(100) DEFAULT NULL COMMENT '生成包路径',
  `module_name` varchar(30) DEFAULT NULL COMMENT '生成模块名',
  `business_name` varchar(30) DEFAULT NULL COMMENT '生成业务名',
  `function_name` varchar(50) DEFAULT NULL COMMENT '生成功能名',
  `function_author` varchar(50) DEFAULT NULL COMMENT '生成功能作者',
  `gen_type` char(1) DEFAULT '0' COMMENT '生成代码方式（0zip压缩包 1自定义路径）',
  `gen_path` varchar(200) DEFAULT '/' COMMENT '生成路径（不填默认项目路径）',
  `options` varchar(1000) DEFAULT NULL COMMENT '其它生成选项',
  `create_by` varchar(64) DEFAULT '' COMMENT '创建者',
  `create_time` datetime DEFAULT NULL COMMENT '创建时间',
  `update_by` varchar(64) DEFAULT '' COMMENT '更新者',
  `update_time` datetime DEFAULT NULL COMMENT '更新时间',
  `remark` varchar(500) DEFAULT NULL COMMENT '备注',
  PRIMARY KEY (`table_id`)
) ENGINE=InnoDB DEFAULT CHARSET=utf8mb4 COLLATE=utf8mb4_0900_ai_ci COMMENT='代码生成业务表';
/*!40101 SET character_set_client = @saved_cs_client */;

--
-- Dumping data for table `gen_table`
--

LOCK TABLES `gen_table` WRITE;
/*!40000 ALTER TABLE `gen_table` DISABLE KEYS */;
/*!40000 ALTER TABLE `gen_table` ENABLE KEYS */;
UNLOCK TABLES;

--
-- Table structure for table `gen_table_column`
--

DROP TABLE IF EXISTS `gen_table_column`;
/*!40101 SET @saved_cs_client     = @@character_set_client */;
/*!50503 SET character_set_client = utf8mb4 */;
CREATE TABLE `gen_table_column` (
  `column_id` bigint NOT NULL AUTO_INCREMENT COMMENT '编号',
  `table_id` bigint DEFAULT NULL COMMENT '归属表编号',
  `column_name` varchar(200) DEFAULT NULL COMMENT '列名称',
  `column_comment` varchar(500) DEFAULT NULL COMMENT '列描述',
  `column_type` varchar(100) DEFAULT NULL COMMENT '列类型',
  `java_type` varchar(500) DEFAULT NULL COMMENT 'JAVA类型',
  `java_field` varchar(200) DEFAULT NULL COMMENT 'JAVA字段名',
  `is_pk` char(1) DEFAULT NULL COMMENT '是否主键（1是）',
  `is_increment` char(1) DEFAULT NULL COMMENT '是否自增（1是）',
  `is_required` char(1) DEFAULT NULL COMMENT '是否必填（1是）',
  `is_insert` char(1) DEFAULT NULL COMMENT '是否为插入字段（1是）',
  `is_edit` char(1) DEFAULT NULL COMMENT '是否编辑字段（1是）',
  `is_list` char(1) DEFAULT NULL COMMENT '是否列表字段（1是）',
  `is_query` char(1) DEFAULT NULL COMMENT '是否查询字段（1是）',
  `query_type` varchar(200) DEFAULT 'EQ' COMMENT '查询方式（等于、不等于、大于、小于、范围）',
  `html_type` varchar(200) DEFAULT NULL COMMENT '显示类型（文本框、文本域、下拉框、复选框、单选框、日期控件）',
  `dict_type` varchar(200) DEFAULT '' COMMENT '字典类型',
  `sort` int DEFAULT NULL COMMENT '排序',
  `create_by` varchar(64) DEFAULT '' COMMENT '创建者',
  `create_time` datetime DEFAULT NULL COMMENT '创建时间',
  `update_by` varchar(64) DEFAULT '' COMMENT '更新者',
  `update_time` datetime DEFAULT NULL COMMENT '更新时间',
  PRIMARY KEY (`column_id`)
) ENGINE=InnoDB DEFAULT CHARSET=utf8mb4 COLLATE=utf8mb4_0900_ai_ci COMMENT='代码生成业务表字段';
/*!40101 SET character_set_client = @saved_cs_client */;

--
-- Dumping data for table `gen_table_column`
--

LOCK TABLES `gen_table_column` WRITE;
/*!40000 ALTER TABLE `gen_table_column` DISABLE KEYS */;
/*!40000 ALTER TABLE `gen_table_column` ENABLE KEYS */;
UNLOCK TABLES;

--
-- Table structure for table `mentor`
--

DROP TABLE IF EXISTS `mentor`;
/*!40101 SET @saved_cs_client     = @@character_set_client */;
/*!50503 SET character_set_client = utf8mb4 */;
CREATE TABLE `mentor` (
  `mentor_id` bigint NOT NULL AUTO_INCREMENT COMMENT '导师ID',
  `name` varchar(255) CHARACTER SET utf8mb4 COLLATE utf8mb4_bin NOT NULL COMMENT '导师姓名',
  `email` varchar(255) CHARACTER SET utf8mb4 COLLATE utf8mb4_bin NOT NULL COMMENT '导师邮箱',
  `password` varchar(255) CHARACTER SET utf8mb4 COLLATE utf8mb4_bin NOT NULL COMMENT '导师密码',
  `research_area` varchar(255) CHARACTER SET utf8mb4 COLLATE utf8mb4_bin DEFAULT NULL COMMENT '研究领域',
  `student_limit` int DEFAULT '3' COMMENT '带学生人数上限',
  `create_time` datetime DEFAULT CURRENT_TIMESTAMP COMMENT '创建时间',
  `update_time` datetime DEFAULT CURRENT_TIMESTAMP ON UPDATE CURRENT_TIMESTAMP COMMENT '更新时间',
  PRIMARY KEY (`mentor_id`),
  UNIQUE KEY `email` (`email`)
) ENGINE=InnoDB AUTO_INCREMENT=138 DEFAULT CHARSET=utf8mb4 COLLATE=utf8mb4_bin ROW_FORMAT=DYNAMIC;
/*!40101 SET character_set_client = @saved_cs_client */;

--
-- Dumping data for table `mentor`
--

LOCK TABLES `mentor` WRITE;
/*!40000 ALTER TABLE `mentor` DISABLE KEYS */;
INSERT INTO `mentor` VALUES (2,'test','291396312@qq.com','$2a$10$22mTrBRnrcdSCDnzxLGWZu0sx9rhbN.NlSIEQSw/m4396G2pNRRqe','test1',3,'2024-10-07 14:47:35','2024-10-07 14:47:35'),(5,'test','test@163.com','$2a$10$.Ddq1h..y6Po8C9qoh4eQOLG9pscpLRtftuuyV4v0TTD3f3Xe1MqC','测试',0,'2024-10-07 15:20:39','2024-10-07 15:20:39'),(7,'测试','111@qq.com','$2a$10$5OqYneKD6NepdSvjo6sKz.WilHw.7q/bIB9csTNs9mwGJLRF9Zst.','测试',3,'2024-10-07 15:29:05','2024-10-07 15:29:05'),(10,'肖亮','xiaoliang@126.com','$2a$10$/GNo7bt.0j0y6EPvAjswmec4JFFnUqA0md5fm2fmz4u8dhyxnlyxu','空间等离子体',3,'2024-10-08 10:41:32','2024-10-08 10:41:32'),(11,'李民','limin@126.com','$2a$10$GrnDgHJnc6wp7rmquYoAceBqvomoezTUCzWGnCTaQr.qh4spwlPZ6','路面结构与材料',5,'2024-10-08 10:42:02','2024-10-08 10:42:02'),(12,'王正','wangzheng@126.com','$2a$10$UF3NJRHQEFyUzeROTVEMWOkktbLXsOXMtaxzi.pQHDe7HTNCt309a',' 交通运输规划与管理',2,'2024-10-08 10:42:55','2024-10-08 10:42:55'),(13,'张华','zhanghua@126.com','$2a$10$flNT5iwMIoS9evDKTE5pZO6otunuTZQLMABU5UdLTzfXQJFf/TyI6','低维材料物理特性',5,'2024-10-08 10:44:42','2024-10-08 10:44:42'),(14,'刘昭阳','liuzhaoyang@126.com','$2a$10$exFVXhTbstqjXyKZfFzBSO7ycgw6LGXn2bYpL/qxwDPT.RU/CPTFe','路面结构与新材料',3,'2024-10-08 10:44:53','2024-10-08 10:44:53'),(15,'吴刚','wugang@126.com','$2a$10$Eik44/5jaSK7AbmXz4Ke.OiKCDSuj0uFJmf0.6oKmzzX8aqiWIu56','交通环境保护',2,'2024-10-08 10:46:38','2024-10-08 10:46:38'),(16,'崔东山','cuidongshan@126.com','$2a$10$0bXNbG6FNu59GHy3RhAmGeJ.OPZXTyq3WGkE1HDjxvYrZQlbKBmdy','光子晶体',4,'2024-10-08 10:47:02','2024-10-08 10:47:02'),(17,'邢立军','xinglijun@126.com','$2a$10$qZjKQADcHL26BgYrZLf.BOSDN9ixLzIepNpp0lrvxKOpx1y4Wjd2m','交通测绘雷达遥感',8,'2024-10-08 10:48:47','2024-10-08 10:48:47'),(18,'丁仪','dingyi@163.com','$2a$10$ixi/eC3V1m/Uj50UsKN6LOJjcKrfgMO3zekgRWLOwjFzfW6PZJqEm','低维材料物理特性',3,'2024-10-08 10:50:38','2024-10-08 10:50:38'),(19,'陈常青','chenchangqing@126.com','$2a$10$bF9HVLv0Mtj65iJypAN30uMAK1rGD/cjhafT/FyAJLJQEdvwkE/2a','结构分析理论',3,'2024-10-08 10:51:26','2024-10-08 10:51:26'),(20,'林浩','linhao@126.com','$2a$10$4qjv62QhQ3SuOGAwsnRc..QGt2cuj6uq2sEzW93anxRNS7WudJsGu','隧道与地下工程',3,'2024-10-08 10:52:32','2024-10-08 10:52:32'),(21,'毕升','bisheng@163.com','$2a$10$MFNArOkDQXQRFSkh1UV1FOdtmA0asULT1LLkyZSZRBOMU1E9UaQ1S','电子辐射带波-粒相互作用',5,'2024-10-08 10:52:35','2024-10-08 10:52:35'),(22,'王磊','wanglei@163.com','$2a$10$72rud9DzlqDZxoLSP/vBLO3AEMw85LKoe8elDJcp.oVO6UO4SRFEy','桥梁安全控制',2,'2024-10-08 10:53:55','2024-10-08 10:53:55'),(23,'王致和','wangzhihe@163.com','$2a$10$.N56N1SN2aaZSoPOFM5tle77FfMD3A8o0fgHyAlUWUtPO.u4o86Ru','智能监测技术',1,'2024-10-08 10:55:01','2024-10-08 10:55:01'),(24,'李利军','lilijun@163.com','$2a$10$EuV8HyX9jupxgzR4wjz4TeF/ZYsDVeiEAF5jV.SdPgwuuUDg0bYbq','结构损伤识别',3,'2024-10-08 10:55:43','2024-10-08 10:55:43'),(25,'胡波','hubo@163.com','$2a$10$khBjqKZIvFeLhTMYupgRVemF4f413MHZnQitIOXLmBhijGn8aWo.K','激光制造',3,'2024-10-08 10:57:47','2024-10-08 10:57:47'),(26,'黄青','haungqing@126.com','$2a$10$PAXKqime6koA6CZI2JRBte.ulY4.qOFRTutGpFNzyTXuAuK1ducB.','复杂网络',3,'2024-10-08 10:58:07','2024-10-08 10:58:07'),(27,'许昌','xuchang@163.com','$2a$10$puMW77/caMX3x/Ji2YkIO.3mtH1WdX0Cb4rS5xQzqtKuIrq8nEkSW','机器人设计',6,'2024-10-08 10:58:37','2024-10-08 10:58:37'),(28,'徐强','xuqiang@163.com','$2a$10$rRhmJH7/vTq5gKfMUkxBk.7ZZGat.u5lYgoRYQOZzzz7k.JV5AxDi','机械动态信号处理',2,'2024-10-08 10:59:28','2024-10-08 10:59:28'),(29,'赵志','zhaozhi@163.com','$2a$10$VLeqScNSmdx6M4.LFgbrBOh.fSxQmAeweIxFQrj0J3yiiZilEKvhK','深度学习',2,'2024-10-08 11:00:04','2024-10-08 11:00:04'),(30,'王琦','wangqi@163.com','$2a$10$pWqKgTgTdETlXJuLBgtxmOB.Als64q4gAGBaML1Tlhtblt8BpJaYe','智能控制与传感',7,'2024-10-08 11:00:41','2024-10-08 11:00:41'),(31,'杨金','yangjin@126.com','$2a$10$N6EpDrSCt6XZ4snezyA03uZe3eXhfyNO88gkfT11PBVBNoqJdV39C','复杂网络与金融风险管理',3,'2024-10-08 11:01:38','2024-10-08 11:01:38'),(32,'荣轩梓','rongxuanzi@126.com','$2a$10$9k4GspjHurQVv1qudPkqwOBvcl.JKjuBrTpQwXbgnDB/GyEynh11S','车辆安全技术',3,'2024-10-08 11:02:05','2024-10-08 11:02:05'),(33,'王杰','wangjie@126.com','$2a$10$zp0WAugmm5vVbRfSZ2AZ/eGlEhvVUnvnJW6yRRiVgvAVechK8Zu9a','数字水利工程',3,'2024-10-08 11:03:28','2024-10-08 11:03:28'),(34,'刘丽','liuli@163.com','$2a$10$1xPjgwryMZb1CdCTbS3QVudomCqFFUq9P6W1jYOK5BupwGTTaUunO','流体力学中的偏微分方程',5,'2024-10-08 11:03:43','2024-10-08 11:03:43'),(35,'成利剑','chenglijian@126.com','$2a$10$6H5bmeWCC/6gQrUVKtfD6O5Vn9n7eifaLhfT2oh72XBOwLXzSrZM2','河流海岸动力学',2,'2024-10-08 11:04:18','2024-10-08 11:04:18'),(36,'朱文','zhuwen@163.com','$2a$10$Mc2kSFN4j0dGqw02Jn6ryewTPltX1AjgQ.FQx8fj6iCy0TwaKSIoG','非线性时间序列分析',2,'2024-10-08 11:04:49','2024-10-08 11:04:49'),(37,'赵宇','zhaoyu@126.com','$2a$10$ZrBqaBnl1XbE9S8oWZFUhOYBQ.9XeHyO3D2DYl2RFep5Maxbj694W','波浪能与潮流能',1,'2024-10-08 11:05:29','2024-10-08 11:05:29'),(38,'邓媛','dengyuan@163.com','$2a$10$7Hmk1YBekCmMNxWWY5OpX.9ivWvPzTbtXZ6HUkkEP16y4IvKCyf8e','智慧水利',3,'2024-10-08 11:06:09','2024-10-08 11:06:09'),(39,'李泽溢','lizeyi@163.com','$2a$10$58pDk.GARF4.GrpusbKFi.BBse.M4ZUPIblBexr1OjSvudddc41nS',' 水文地质与能源地质',3,'2024-10-08 11:07:10','2024-10-08 11:07:10'),(40,'段誉','duanyu@163.com','$2a$10$p27JiJkqXTVCAPBQpaPqW.3yubUvGHqGjgh3VInZHRSqJirqrF4gu','有机-无机杂化材料可控合成及其功能化',3,'2024-10-08 11:08:45','2024-10-08 11:08:45'),(41,'孙琦泉','sunqiquan@126.com','$2a$10$wemJ/wYgGoSTHdVgAeGHBukPqnHi.TekYdt7rdOjckeSnQcqI8vCK','水利工程',9,'2024-10-08 11:09:22','2024-10-08 11:09:22'),(42,'吴飞','wufei@126.com','$2a$10$G7HGJdQuyrMXgN3TlDdA0uRQ7HX4nFQhY0qTPF9w2hxzXHAE14SVa','快速凝固技术的研究与应用',2,'2024-10-08 11:11:55','2024-10-08 11:11:55'),(43,'王雯雯','wangwenwen@163.com','$2a$10$15KkrvTUloM7cQMC8mrorui6glZS4EUIchdRR6cxS5k42bdNL/ksu',' 直流微电网控制',2,'2024-10-08 11:12:31','2024-10-08 11:12:31'),(44,'蒋鑫','jiangxin@126.com','$2a$10$0ybJNnA8a2gKZBjQjT0dG.A.9QCNPczLCyGF5A64o1L/GaOHdaTY6','高电压技术',2,'2024-10-08 11:13:33','2024-10-08 11:13:33'),(45,'金圣叹','jinshengtan@163.com','$2a$10$20kl0NYnp6S8/tmzehWp2Op4XE5uXSlyE214Fixljh1MzmCPJizDa','光催化和有机催化',1,'2024-10-08 11:14:22','2024-10-08 11:14:22'),(46,'谢齐越','xieqiyue@126.com','$2a$10$bu/j/BBlvu3ge.jooLqqAuVxQOXt2GfBOSB2Nz8rjFLbkAlgzd.i.','智能控制理论及应用',3,'2024-10-08 11:14:30','2024-10-08 11:14:30'),(47,'陈琳','chenlin@126.com','$2a$10$RNwBAF2Ix30CDV3UtvukW.rlBf3ik1Je.z/0R2VCUvNyIBCE4IGWG','燃烧污染物减排技术',3,'2024-10-08 11:15:13','2024-10-08 11:15:13'),(48,'贺齐','heqi@126.com','$2a$10$pfIf3v1TZhPbFdxEJIqoRu4LIyM3ikY/bbAzuARB4lkwSMHvU6s46','燃料电池催化剂及电池',6,'2024-10-08 11:16:02','2024-10-08 11:16:02'),(49,'周璇','zhouxuan@126.com','$2a$10$vfDka6Cpcu.gfn9aimNN3u46ToeavFgfgqT0.IfcciU3yezTC06K6','大功率器件的建模与仿真应用',3,'2024-10-08 11:16:12','2024-10-08 11:16:12'),(50,'夏朝阳','xiazhaoyang@126.com','$2a$10$J4HYsLs0hJcmGUfMauv6pubeEmwxmzpTl3PPydal9ndBy1/9x8ism','电网储能安全运行与优化控制',5,'2024-10-08 11:17:21','2024-10-08 11:17:21'),(51,'钟阳','zhongyang@163.com','$2a$10$ax57Nh8ie7lu0zTF00CSy.Y0pt47kgOYGI9O.9l31Mfw71MDHMomi','功能型有机分子的结构设计',2,'2024-10-08 11:17:59','2024-10-08 11:17:59'),(52,'何军','hejun@163.com','$2a$10$oG4TliZZwDvukueDtqjhze/r7g7pLUVt3yxknq0H/uqqFhRu/s2xO','新能源发电技术与新能源材料',2,'2024-10-08 11:18:43','2024-10-08 11:18:43'),(53,'林辉英','linhuiying@126.com','$2a$10$7ZL3SCDmmUPFrXxRsj603OZAmknoJWWf8FzdRVn/4Tg5LuWdHJoqu','城乡人居环境可持续发展',3,'2024-10-08 11:20:45','2024-10-08 11:20:45'),(54,'赵辉','zhaohui@163.com','$2a$10$LpgjCOX.FB37s36EpnxDTOW.I3e2.4gcicB1puYo7g9i4SAh.xBeW','先进发电技术',3,'2024-10-08 11:22:15','2024-10-08 11:22:15'),(55,'蒋鹰','jiangying@126.com','$2a$10$ix4Q9Q7goqFtpESqDMOO2OKrdwNHc09La0fVbFyTAp0TagE6sn0ni','绿色建筑设计及评价',4,'2024-10-08 11:22:44','2024-10-08 11:22:44'),(56,'李莉','lili@163.com','$2a$10$VfXNXc7JX.MK/T.FscyPoetb36DhFyHYPwk4UUK.su/ELxl1abLpK','新能源材料的开发',5,'2024-10-08 11:22:55','2024-10-08 11:22:55'),(57,'江朝伟','jiangchaowei@126.com','$2a$10$kqH7lx/IzswsQQDiiMwO7.gdny.C9ii93xROnh1YSw5nUo3KOUeXK','新能源与储能',6,'2024-10-08 11:23:33','2024-10-08 11:23:33'),(58,'宋留洋','songliuyang@163.com','$2a$10$VpPtrnc/CyQE.7ZrERuWr.kauTaGsePNdWMEAMJLsT23fNaSSyQt.','景观格局的水质效应',6,'2024-10-08 11:24:08','2024-10-08 11:24:08'),(59,'李聪生','licongsheng@163.com','$2a$10$/5c2yehT67OFo5f2rh61Muj2fPrT1lS95vnhMIaGu6d7m0OrD9svW','表面工程与防护技术',2,'2024-10-08 11:24:32','2024-10-08 11:24:32'),(60,'叶挺利','yetingli@126.com','$2a$10$v4/CbaSdCLckrIynoaDTkeef69M9I9R6katvfg8WYbq7rhnI7u3Gy','电力经济管理',3,'2024-10-08 11:25:41','2024-10-08 11:25:41'),(61,'王新宇','wangxinyu@126.com','$2a$10$SDIHkVplOGaN1o13UEdS9uPQHhkV3MyIvTPbuL1AUR0QINxCoe61.','产业结构与产业融合',3,'2024-10-08 11:26:17','2024-10-08 11:26:17'),(62,'钱宣毅','qianxuanyi@163.com','$2a$10$GRwighBzTxVXr1NnYHUHduxty/96tsm2tF5Rq7t.VCyPFJUUE72cu','传统聚落的保护与更新',1,'2024-10-08 11:26:24','2024-10-08 11:26:24'),(63,'彭军','pengjun@126.com','$2a$10$YRIOWHNpk76qG6L5ffl6zuCRXsgfyJWbS.bUEsRsaGWkQsYv9q6HW','农业与资源环境经济',2,'2024-10-08 11:27:24','2024-10-08 11:27:24'),(64,'熊川·','xiongchuan@126.com','$2a$10$O7tMqD69/KhNrmo768IhOeifhII/Hg4WvBnZDsGHpiMJ0GpnkzDny','绿色建筑技术',2,'2024-10-08 11:27:29','2024-10-08 11:27:29'),(65,'李萍','liping@126.com','$2a$10$5jf1uuPU0exOQ.Qi42Uy7uifjiUAwDhif7rQpyYlX4aXOK7HVMinK','消费行为与营销管理',2,'2024-10-08 11:29:45','2024-10-08 11:29:45'),(66,'李泽言','lizeyan@126.com','$2a$10$V0sCo7ujBJhOZYAuMlGycuWNTzmKe5aHWddyQZxcELsTD0hUxSvqO','环境会计',3,'2024-10-08 11:30:25','2024-10-08 11:30:25'),(67,'黄建军','huangjianjun@163.com','$2a$10$sOnsQYsSnvTiOyrY8XGugOiMwTVBZVOgbb0jJQOdTvA1RKe2HiWHK','政治经济学',4,'2024-10-08 11:31:02','2024-10-08 11:31:02'),(68,'王成果','wangchengguo@126.com','$2a$10$bn2NlxfWQ.du7xx93jvvyus.nSyWnq6YS7/T0gCdoPfmGlGkHq2SC','无人机智能通信',0,'2024-10-08 11:31:10','2024-10-08 11:31:10'),(69,'吕士蓓','lvshibei@126.com','$2a$10$d4giOb1y1.sXYx4Kdd9gOOC8hGdWdD/j8Tln3Mi2eZuHsJfgFvXnq','宽带通信与人工智能',3,'2024-10-08 11:31:59','2024-10-08 11:31:59'),(70,'唐勇','tangyong@126.com','$2a$10$mtyWwsivapPaumZF9R0qiuSDfZlLe7M24FzmabXwHaVXqfIeoRMP6','云计算',3,'2024-10-08 11:32:47','2024-10-08 11:32:47'),(71,'沈聪','shencong@163.com','$2a$10$oWMQVf2EU7wfcfZBbTHAb.WV1WPNbN40JvmTubvNG3wNiSMRXmcHG','科学社会主义与国际共产主义运动',5,'2024-10-08 11:32:51','2024-10-08 11:32:51'),(72,'宋晓云','songxiaoyun@126.com','$2a$10$MO3wrpT4Jw5oICnjCP8Pz.UY75ZjqnKRIseCRK8nV8vRtY99w6.8C','图像与视频处理',5,'2024-10-08 11:33:34','2024-10-08 11:33:34'),(73,'宋宏文','songhongwen@163.com','$2a$10$/1d7N83zEe2fffusLgY./OE8dISTHUiqTNdiqdTis8o.d4sB5B7MS','大数据分析',2,'2024-10-08 11:41:00','2024-10-08 11:41:00'),(74,'吴玲玲','wulingling@126.com','$2a$10$O5eXZ3xX/mh/fVgF8m5jP.ys3Llpz5gUkPeMDH73JzCjcSn/Zx29.','生物传感',2,'2024-10-08 17:47:48','2024-10-08 17:47:48'),(75,'王坤','wangkun@126.com','$2a$10$Oj.0NYVbr4Cyslj/ibZ1..phdaC8oaCsmiplS64Sk8jCGr0X3fKbq','生物医药与化学生物传感',0,'2024-10-08 17:48:27','2024-10-08 17:48:27'),(76,'宁致远','ningzhiyuan@126.com','$2a$10$AT5.pdZwE809y6dCnObMv.pSNkXgukaM3xiHTxz3IoQsnS7iBXgBK','天然产物的提取及应用',2,'2024-10-08 17:49:05','2024-10-08 17:49:05'),(77,'吴昌元','wuchangyuan@126.com','$2a$10$SbLBpbb8Wew5SRffYrGQdubD31bjuppQ8lry36lfcWAf4Vgb67thS','功能纳米材料化学',3,'2024-10-08 17:50:10','2024-10-08 17:50:10'),(78,'李勋','lixun@126.com','$2a$10$wDTWavq2U.v4s9N1/D3OoOUR/DESmZS8ccxtjnC.S2CqzPnR/bT0e','物质基新能源新材料',2,'2024-10-08 17:50:40','2024-10-08 17:50:40'),(79,'丁泽丽','dingzeli@126.com','$2a$10$qJbC3d6pPRqu.MvdTyVcE.YLMBWy00eOsQHMjeNiOtPgq1hAQQcPm','食品安全检测新方法',1,'2024-10-08 17:54:08','2024-10-08 17:54:08'),(80,'方源媛','fangyuanyuan@126.com','$2a$10$W5nMtNIW6tzrVr9zNTAfae9r/xFZXJCLls8TqIN88bLIpYM3IsV2a','食品生物技术',2,'2024-10-08 17:54:57','2024-10-08 17:54:57'),(81,'谢宇霏','xieyufei@126.com','$2a$10$UcO1SKvJW5UGKNqIW31ig.fQ.5dRqBQdk3l6mwbgAnTIpP0qDcCHe','食品功能因子的功效及作用机理',5,'2024-10-08 17:55:47','2024-10-08 17:55:47'),(82,'谢璐定','xieluding@126.com','$2a$10$IlA2o9FTRhhiGKp7wDYYiOInr2jwvxwN/XpNsMo6Ut3MZFsfFVo36','食品生物技术',2,'2024-10-08 17:56:43','2024-10-08 17:56:43'),(83,'王旭日','wangxuri@126.com','$2a$10$nafk0dycgsvC95VZWaBlf./OWYWoUY4XAyI/bOPZ1TRkqRq3IjpyC','植物基食品资源开发利用',2,'2024-10-08 17:57:28','2024-10-08 17:57:28'),(90,'谢云','xieyun@163.com','$2a$10$coGtTbZY5a1FmtNWu9Ez6.OHljgVObFyUL.lnK4BTEyW8hlhAtdda','马克思中国化研究',4,'2024-10-08 19:16:51','2024-10-08 19:16:51'),(91,'冯建业','fengjianye@163.com','$2a$10$ZgkQGidqBaGzEeaVs/psBuQ/lLqsLjhJLuVyVgBN.kaNyL8aDL18q','政治经济学',2,'2024-10-08 19:18:30','2024-10-08 19:18:30'),(93,'孟川','mengchuan@126.com','$2a$10$Ib3htpMAbuL4oFBGmASWuOE.Iw7XMd4/WjTSPC.jiDrXaxrzEuTOK','马克思主义中国化',4,'2024-10-08 19:19:43','2024-10-08 19:19:43'),(95,'周庆春','zhouqingchun@126.com','$2a$10$OMN2.OTUtECah320gB4az.DHKjEbJqKIQ4Tbn.VDcj2R9rtw8nCHS','中国现代文学思潮',5,'2024-10-08 19:20:58','2024-10-08 19:20:58'),(96,'方正','fangzheng@126.com','$2a$10$NG.lwIe0lq7cUB0Fm0jwyuMwe1m4ZoHchojnVacriOX3.PbWNk7cW','思想政治教育',3,'2024-10-08 19:22:08','2024-10-08 19:22:08'),(98,'董钟书','dongzhongshu@163.com','$2a$10$5uRwCdtWjf0LoonY1bqCw.fVeHZWq8ylNiSl0edXCF46MXg43lJw6','中国当代文学',4,'2024-10-08 19:23:31','2024-10-08 19:23:31'),(100,'向谦语','xiangqianyu@126.com','$2a$10$.vLP6U52ioLXOFc3Om901.s7BNOm5RTDSDDs7VCA/ltEOp4OfShqi','中国新诗研究',2,'2024-10-08 19:25:53','2024-10-08 19:25:53'),(101,'刘晨','liuchen@163.com','$2a$10$3T8QgUbrII0P1fGevZ2f8uTPDToNz1e5O1aprCWPvQmwdzeODmey6','域外文献研究',4,'2024-10-08 19:27:00','2024-10-08 19:27:00'),(103,'张民','zhangmin@126.com','$2a$10$r8OHB7mA.7cP5eYuz7FPIuZCdqDV.OwoTu9fLsTBb/.C7LjrsvL0m','经济法',3,'2024-10-08 19:29:39','2024-10-08 19:29:39'),(104,'姜霁霖','jiangjilin@126.com','$2a$10$l2X2uOTDqGBpLLZg9Q2w4./FjFsz8Trko7Zb9x0WoRnZhhiCzAIve','刑法学',0,'2024-10-08 19:31:02','2024-10-08 19:31:02'),(106,'王璨','wangcan@126.com','$2a$10$8Ei6MBQxHA.CjJBI87haQus0Jx3V1himtwR5E3FtIpe.mMzdUJz7S','国际法学',5,'2024-10-08 19:31:50','2024-10-08 19:31:50'),(108,'罗隐','luoyin@126.com','$2a$10$SZm0wdrYtZbuFo1As8GRO.nZs8Y9D1/EtSWIdJerv5PaMHlZqW1EK','婚姻家庭法',3,'2024-10-08 19:34:08','2024-10-08 19:34:08'),(109,'张庆水','zhangqingshui@126.com','$2a$10$Hv6a21da3j78yn7KFCZzyeA4mS5dbTIaXJQwkm0OOtDoPdA4LMgeq','民商法学',2,'2024-10-08 19:35:05','2024-10-08 19:35:05'),(111,'姚隋玉','yaosuiyu@163.com','$2a$10$/KoOSBaHtO7HsJ4lDbBnPO.dS7s6TOERIoMWBwFBFMUwTxDzSATb.','心理语言学',3,'2024-10-08 19:36:24','2024-10-08 19:36:24'),(112,'林渔','linyu@126.com','$2a$10$MjZkRQDBOsOfAD.llo54Ge3Ts2DzHxQAGLiQxwruGprB6aIrKzES2','外国语言文学',4,'2024-10-08 19:37:49','2024-10-08 19:37:49'),(114,'周灏','zhouhao@163.com','$2a$10$HGUVrEBUrUuHxyudbuQY6OOEiLaqz3gHS4SQEv2VNOgDe03GxIJuy','外国语言文学',1,'2024-10-08 19:38:39','2024-10-08 19:38:39'),(116,'吴惠','wuhui@126.com','$2a$10$Dcp69sSVJToQEo9EuH79V.QCI/xVrV4L.8JTBmt2Bib0y.2LUrwSm','外国语言学及应用语言学',2,'2024-10-08 19:40:15','2024-10-08 19:40:15'),(117,'刘野江','liuyejiang@126.com','$2a$10$v5eLHOanqlko0icoi/Nqe.rN3j.wB9VxJ32dM6ZZ7nZk6/Y9z3yCO','翻译理论与实践',2,'2024-10-08 19:41:28','2024-10-08 19:41:28'),(119,'刘志','liuzhi@126.com','$2a$10$uMhFzsX0S/JkAIf8LSOz0u3OLVCQBGflVlnHh1gi2IXZ170mnkumy','设计管理研究',2,'2024-10-08 19:42:47','2024-10-08 19:42:47'),(120,'王峰','wangfeng@126.com','$2a$10$.f9KLxqM2.V4RK3nOrmsIOEb7hhEjrei9SEcPTQ5k.8JOBAZvSwsK','视觉与数字媒体艺术设计研究',7,'2024-10-08 19:44:11','2024-10-08 19:44:11'),(123,'李轻水','liqingshui@126.com','$2a$10$sKhn2V8s9NQdl0fLwfoF4Ov0haxfXwz9Qu9Fh5g0BXQDEqC6U2QqO','艺术产业管理研究',3,'2024-10-08 19:47:26','2024-10-08 19:47:26'),(125,'边昇','biansheng@163.com','$2a$10$hzwcE2WMq7M9sPU5tCqkBeMNo.8YGuQi3l8Wb8KfmvFTmz6bhkwge','中国古代文字研究',2,'2024-10-08 19:48:12','2024-10-08 19:48:12'),(127,'陈年','chennian@126.com','$2a$10$CQJ/qVTH3zR7aLK6WiREpecc2jakcyexj4OPm0gPzwJOLQqyr.kde','设计管理研究',2,'2024-10-08 19:49:44','2024-10-08 19:49:44'),(129,'周树','zhoushu@126.com','$2a$10$uHVFRYPd697QC/7dvXoE1u8lj3K.ftrHyesJoyG.i6c..rrO2S1S2','中国当代文学',3,'2024-10-08 19:52:00','2024-10-08 19:52:00'),(131,'贾平','jiaping@163.com','$2a$10$B67Sv01kTc59wxTFLERDE.YcgdJdCpjTUC9jbV1VquvsLzEV4mtCO','中国当代文学',2,'2024-10-08 19:53:36','2024-10-08 19:53:36'),(132,'徐剑锋','xujianfeng@126.com','$2a$10$.WGAIXJDzgz3o5J6sIj3K.xmIKR6PWXHYNg4rqDozctUQqL9Q5zJG','复杂网络',3,'2024-10-08 19:54:29','2024-10-08 19:54:29'),(134,'戴土','daitu@126.com','$2a$10$4rCAwJDy.GlSs2vPav7UCOSmWcsi2/PJbCtFRe.62ulhZwtH4COyW','光催化和有机催化',0,'2024-10-08 19:56:02','2024-10-08 19:56:02'),(137,'周钰','zhouyu@126.com','$2a$10$YaPYzRUqHLG4Ly6IgjnB/OyZ.9r0pskaByiX0D6jltTfpPJiy9TI2','经济法',0,'2024-10-08 19:58:29','2024-10-08 19:58:29');
/*!40000 ALTER TABLE `mentor` ENABLE KEYS */;
UNLOCK TABLES;

--
-- Table structure for table `message`
--

DROP TABLE IF EXISTS `message`;
/*!40101 SET @saved_cs_client     = @@character_set_client */;
/*!50503 SET character_set_client = utf8mb4 */;
CREATE TABLE `message` (
  `message_id` int NOT NULL AUTO_INCREMENT,
  `sender_id` int NOT NULL,
  `receiver_id` int NOT NULL,
  `message_content` text COLLATE utf8mb4_unicode_ci NOT NULL,
  `sent_time` timestamp NULL DEFAULT CURRENT_TIMESTAMP,
  `is_read` tinyint(1) DEFAULT '0',
  PRIMARY KEY (`message_id`)
) ENGINE=InnoDB AUTO_INCREMENT=6 DEFAULT CHARSET=utf8mb4 COLLATE=utf8mb4_unicode_ci;
/*!40101 SET character_set_client = @saved_cs_client */;

--
-- Dumping data for table `message`
--

LOCK TABLES `message` WRITE;
/*!40000 ALTER TABLE `message` DISABLE KEYS */;
INSERT INTO `message` VALUES (1,3,16,'我去','2024-10-17 14:53:10',0),(2,3,16,'我去','2024-10-17 14:53:15',0),(3,3,16,'我去','2024-10-17 14:54:11',0),(4,3,16,'我去','2024-10-17 14:54:17',0),(5,3,16,'wewefjwo','2024-10-18 00:54:23',0);
/*!40000 ALTER TABLE `message` ENABLE KEYS */;
UNLOCK TABLES;

--
-- Table structure for table `student`
--

DROP TABLE IF EXISTS `student`;
/*!40101 SET @saved_cs_client     = @@character_set_client */;
/*!50503 SET character_set_client = utf8mb4 */;
CREATE TABLE `student` (
  `student_id` bigint NOT NULL AUTO_INCREMENT COMMENT '学生ID',
  `name` varchar(255) CHARACTER SET utf8mb4 COLLATE utf8mb4_bin NOT NULL COMMENT '学生姓名',
  `email` varchar(255) CHARACTER SET utf8mb4 COLLATE utf8mb4_bin NOT NULL COMMENT '学生邮箱',
  `password` varchar(255) CHARACTER SET utf8mb4 COLLATE utf8mb4_bin NOT NULL COMMENT '学生密码',
  `major` varchar(255) CHARACTER SET utf8mb4 COLLATE utf8mb4_bin DEFAULT NULL COMMENT '专业',
  `interests` varchar(255) CHARACTER SET utf8mb4 COLLATE utf8mb4_bin DEFAULT NULL COMMENT '研究兴趣',
  `create_time` datetime DEFAULT CURRENT_TIMESTAMP COMMENT '创建时间',
  `update_time` datetime DEFAULT CURRENT_TIMESTAMP ON UPDATE CURRENT_TIMESTAMP COMMENT '更新时间',
  PRIMARY KEY (`student_id`),
  UNIQUE KEY `email` (`email`)
) ENGINE=InnoDB AUTO_INCREMENT=209 DEFAULT CHARSET=utf8mb4 COLLATE=utf8mb4_bin ROW_FORMAT=DYNAMIC;
/*!40101 SET character_set_client = @saved_cs_client */;

--
-- Dumping data for table `student`
--

LOCK TABLES `student` WRITE;
/*!40000 ALTER TABLE `student` DISABLE KEYS */;
INSERT INTO `student` VALUES (3,'test','291396311@qq.com','$2a$10$Ia8oodPogDA1DAMGRzc4duA7cqBFtRAPN//mL6OG1.KE/7IN65mza','test','test','2024-10-07 14:50:13','2024-10-07 14:50:13'),(4,'何枫','1711856038@qq.com','$2a$10$HJTO5efA.XfDy0fKdrodtuZ.Q0cLh1v6AMJgSCt8WDAfHzs8ig.jG','计算机科学与技术','游戏开发','2024-10-07 15:02:57','2024-10-07 15:02:57'),(6,'钱洁楠','2991158562@qq.com','$2a$10$d/xqpW4DVxU9QQAwf9HGG.eo/qr8A3M7tPWxuy0mpyeoPsc90M70e','计算机科学与技术','人工智能','2024-10-07 15:24:45','2024-10-07 15:24:45'),(8,'刘志成','291396313@qq.com','$2a$10$gCVyNzjrpcQhY5jykNOd.ukEjzFMhIomT3UswGo9QZxURVGAbBuJ6','计算机科学与技术','java后端','2024-10-08 09:36:57','2024-10-08 09:36:57'),(9,'熊丽安','1946095130@qq.com','$2a$10$nuUOiUa/zHWbrNpbhL8.Pu.Q/hBNzl11iPMcEy8o0gbyECXKURcey','计算机科学与技术','人工智能','2024-10-08 10:32:38','2024-10-08 10:32:38'),(84,'李汉文','6582846279@qq.com','$2a$10$KqNuJs5WiHXwb.iV.OBAgeyigm2IFTfT/qnCOvC1UWGpFthgzUJPy','交通工程','交通运输规划','2024-10-08 19:03:49','2024-10-08 19:03:49'),(85,'王伟','8564719514@qq.com','$2a$10$Dbu97xo6e7zl1ijBhDMAAO1E/dgTW.rG7pZlqh1mqF9B.4u/N1VoG','工程管理','交通运输管理','2024-10-08 19:06:05','2024-10-08 19:06:05'),(86,'何润麒','1536456921@qq.com','$2a$10$NoTmVET5aV7eMuwzeGbCVu61UBVDAr4IbHgixy3JPkAfsW8wmLjCS','交通工程','交通环境保护','2024-10-08 19:07:53','2024-10-08 19:07:53'),(87,'谢文东','3546289914@qq.com','$2a$10$G90if7dCq9LWbpyhe4XuJ.bAsFlUEZFW9VSbPQlWXUlqXnhPeGvvW','测绘工程','交通测绘雷达遥感','2024-10-08 19:10:14','2024-10-08 19:10:14'),(88,'卢锡安','7548369248@qq.com','$2a$10$jvnswqxvOUmXpmgzgz1b4.ugohUzZ4YqSqrzBwPQPBSyF4mkbKX2e','道路桥梁与渡河工程','桥梁安全控制','2024-10-08 19:11:49','2024-10-08 19:11:49'),(89,'张瑞希','3846821594@qq.com','$2a$10$nb9bWFaWNHZfvcCvm.aRDuArckPVyvqztqVNF8jztCil5XEdifwwO','城市地下空间工程','隧道于地下工程','2024-10-08 19:16:37','2024-10-08 19:16:37'),(92,'刘韬','2654789315@qq.com','$2a$10$B9L5ZBA3AgNGRfvfTubDDOoXDymajPl0jhu4RUfysqI2XAQJb4vJy','检测技术与仪器','智能检测技术','2024-10-08 19:19:12','2024-10-08 19:19:12'),(94,'唐果','9564821685@qq.com','$2a$10$Y..bFCZsjCiv7LAegChqROWLT8isVC3NnwjGhZ8g.SgTvymRLpMte','材料成型及控制工程','低维材料物理特性','2024-10-08 19:20:30','2024-10-08 19:20:30'),(97,'姜嘉乐','7496156231@qq.com','$2a$10$V9Cja4PVCx5uXZYCc0rnI.Q9jg42TEOQpMHuun9wbT8948ojZmx76','车辆工程','车辆安全技术','2024-10-08 19:23:08','2024-10-08 19:23:08'),(99,'刘佳琪','1654826915@qq.com','$2a$10$6awmz9D.kVp4EiQPzLtKIu2KDNcTzpgZ1V928EEbWeewVPYcDg4z2','机器人工程','机器人设计','2024-10-08 19:25:14','2024-10-08 19:25:14'),(102,'喻宁波','3695481265@qq.com','$2a$10$bThWmUtEJu.C62ks7C/eBeoQaZJCLwTGSJWpowl7b.vm86SPmk7MC','智能制造工程','智能控制与传感','2024-10-08 19:29:27','2024-10-08 19:29:27'),(105,'喻锦鸿','4859632584@qq.com','$2a$10$Hb7cV2HhH3uetFpsctU.tuD3D5Nk5pmehmzNBXuZG0fCcO4cdDx9y','水利水电工程','数字水利工程','2024-10-08 19:31:13','2024-10-08 19:31:13'),(107,'李佳琪','5264851635@qq.com','$2a$10$cyB6p30/WkRRlqsVmJNDjuszsXSAzqrMxx3bvBFF.lAothZ3MWnvu','地理信息科学','河流海岸动力学','2024-10-08 19:32:49','2024-10-08 19:32:49'),(110,'彭丽娟','2146953157@qq.com','$2a$10$rlb3pllZeDw7d06h5AScbutvHKSn7M6MgzTFCcMjPGZeoP01aUZMS','网络工程','复杂网络与金融风险管理','2024-10-08 19:35:17','2024-10-08 19:35:17'),(113,'黄伊犁','1692548317@qq.com','$2a$10$Nt2E1gZpZyqes39Ktb2tZ.Up26PtYkTx7L6pmanNI6IG0nm1e9G9u','水文与水资源工程','水文地质与能源地质','2024-10-08 19:37:56','2024-10-08 19:37:56'),(115,'贺耀贤','6951482367@qq.com','$2a$10$XCxvtglfLxBsHw8NApLEXee30NhR9AG0jUZv9on0U1BIi/MPFq4Le','给排水科学与工程','智慧水利','2024-10-08 19:40:08','2024-10-08 19:40:08'),(118,'李康鑫','5846254816@qq.com','$2a$10$0YB79ljfos6Jd5.VAcILTeOnTWGvywK66otAN91dTW.Jnq7v.nQHG','水利水电工程','水利工程','2024-10-08 19:42:06','2024-10-08 19:42:06'),(121,'戴锦琳','8431649145@qq.com','$2a$10$ohi3kRMTIwtNeW1kQRkeoePyD4VjKzLOITjVlPHAgznjC4bdEcDKO','电气工程及其自动化','高电压技术','2024-10-08 19:44:32','2024-10-08 19:44:32'),(122,'谢海乐','3164949617@qq.com','$2a$10$DWvmY0e4PxD8/gKUQxK9oeCcdGm3zCZXR1pvzM1o3STpg3AdpfzxO','材料成型及控制工程','有机-无机杂化材料可控合成及其功能化','2024-10-08 19:45:53','2024-10-08 19:45:53'),(124,'李晓海','9147536173@qq.com','$2a$10$X84VSJx1b1iTltvZfKmVi.kMr93Rf9x7NRZZCLg772lLFUJTxJxWi','土木工程','快速凝固技术的研究与应用','2024-10-08 19:47:45','2024-10-08 19:47:45'),(126,'江小昊','2647914765@qq.com','$2a$10$T8qadkWKhIbZnDSQ/C2JreNzU1NWQsn/rorzl.Sdrlq6mTloU2Zyi','港口航道与海岸工程','波浪能与潮流能','2024-10-08 19:49:28','2024-10-08 19:49:28'),(128,'李成钢','7854612413@qq.com','$2a$10$7iAm0zx5W32KYvltXRpUouE0bL2b1cNQIRhZSWci/KRfL49kYq.8K','能源与动力工程','燃料电池催化剂及电池','2024-10-08 19:51:38','2024-10-08 19:51:38'),(130,'张尧','3654915884@qq.com','$2a$10$P6SkGA4PqETrDG3AZ8sjheUf3R43O5DYRfwvA8YR./dfYYPBKww16','智能电网信息工程','电网储能安全运行与优化控制','2024-10-08 19:53:31','2024-10-08 19:53:31'),(133,'罗翔','9584125627@qq.com','$2a$10$BhMMxDugBNctWnOYqpBrCO2I0Bh77MNudOforOu5ZB9lIJxhgg1AK','新能源科学与工程','新能源发电技术与新能源材料','2024-10-08 19:54:39','2024-10-08 19:54:39'),(135,'黄宇杰','5614524521@qq.com','$2a$10$v.n1YaXSD9xp2Cd.1N08beSMQ4qa3tt3nQuplw/78J/T1A2g1p4yi','储能科学与工程','电网储能安全运行与优化控制','2024-10-08 19:56:31','2024-10-08 19:56:31'),(136,'邓宇昂','3214568424@qq.com','$2a$10$eK3hxSkngheSEdnRwYOFRuoSZCwS6bIF5EqbPIW0sY/Cg7b3T85NS','电气工程及其自动化','先进发电技术','2024-10-08 19:58:25','2024-10-08 19:58:25'),(138,'李一帆','6974851563@qq.com','$2a$10$BR6ibNiqkI84MVqIK.jbuO6g9AohP36mzWSoZOozqzBP1qj/lKPXW','材料科学与工程','功能型有机分子的结构设计','2024-10-08 20:00:24','2024-10-08 20:00:24'),(139,'张捷','5848157935@qq.com','$2a$10$Zj2g6kFm8A2WCGGo8/LUeOyLsBIO.qWc6IOtUyahQnYd1eIkyodp6','建筑环境与能源应用工程','绿色建筑设计及评价','2024-10-08 20:02:09','2024-10-08 20:02:09'),(140,'麻子平','7596145264@qq.com','$2a$10$wkKTNq4AR0cwsX7eq5PrVehDxE1b.CGB//fTsQ313ZTC6eAc2U/U2','新能源科学与工程','新能源材料的开发','2024-10-08 20:03:32','2024-10-08 20:03:32'),(141,'钱学僧','9857514526@qq.com','$2a$10$ofXREezQ8WrHXOlk7mPc9uzVyAUda9p.sBTcJsOqF/.wx/E3mMJoW','储能科学与工程','新能源与储能','2024-10-08 20:17:27','2024-10-08 20:17:27'),(142,'姜超','8657485125@qq.com','$2a$10$Jh22P5yRcr8Qs/rfrzx.juA4bdb60WWdmzqdhUUalvAWEKgRqvWKi','环境工程','景观格局的水质效应','2024-10-08 20:19:05','2024-10-08 20:19:05'),(143,'汤加凤','1451451143@qq.com','$2a$10$0XsX2NSjcA.yCD9ggj/iO.5oXql55kKgjAEJVp8p7M/Fr/bZFnlza','工程力学','表面工程与防护技术','2024-10-08 20:50:14','2024-10-08 20:50:14'),(144,'谭娟娟','8564821456@qq.com','$2a$10$5JfIwxmFj3JsEcyoxdgy7uv0lyet8EsDLHOnFc2yOyiU3VuO7Ae0i','工商管理','产业结构与产业融合','2024-10-08 20:51:42','2024-10-08 20:51:42'),(145,'赵雨欣','2648147134@qq.com','$2a$10$W8W1n5/92EZYT9KR7mgTsuFnu/9idr5/LocGUXmxZUAJqTHNdMUfS','市场营销','农业与资源环境经济','2024-10-08 20:54:06','2024-10-08 20:54:06'),(146,'黄涵','9868541431@qq.com','$2a$10$MiYTONNS4646qvp9.CNBNOvvafSGkpIC3vk4hyHuZr.D4ZzniQqOm','建筑学','绿色建筑技术','2024-10-08 20:55:26','2024-10-08 20:55:26'),(147,'黄进星','2546963241@qq.com','$2a$10$zO1dz1Uz/66GujW6m/t19uYp8nRWz.qy/bsOFkupZYCaRj7bFKacu','会计学','环境会计','2024-10-08 20:57:16','2024-10-08 20:57:16'),(148,'李骏阳','1874151573@qq.com','$2a$10$MiPHmI/gWN4VES/C.F0HeecfCYgBjcSi.2T47qAkQ0bQ5ttPrvIre','工商管理','消费行为与营销管理','2024-10-08 20:59:26','2024-10-08 20:59:26'),(149,'周月胜','6478591475@qq.com','$2a$10$B.2ozpwNSAy4ef8fvdHZHeaSCzXlB0zrKU9ggGMTINBygiJ27CyKO','金融学','政治经济学','2024-10-08 21:01:49','2024-10-08 21:01:49'),(150,'孙小羊','7548693214@qq.com','$2a$10$zGe/HYnv2Wv0Ml78HUhUfuZ3IWDuXNPvck1isHBxhvgrNKn1Le87u','通信工程','无人机智能通信','2024-10-08 21:04:14','2024-10-08 21:04:14'),(151,'袁宏生','3958746158@qq.com','$2a$10$Ci/Wlh9.k1TmutShxaCAV.uu.T8/tjn/HczwvnGd7xgtY1EVrAFSy','计算机科学与技术','云计算','2024-10-08 21:05:16','2024-10-08 21:05:16'),(152,'钟斌','7598486825@qq.com','$2a$10$RNTH8h/bW42j0oKOZzv6Oe6jZKPEMaE35MC.DKvrfWYDjtf1occaS','通信工程','宽带通信与人工智能','2024-10-08 21:06:37','2024-10-08 21:06:37'),(153,'贺子达','6931475268@qq.com','$2a$10$4AKczZUv1QK3csfLYvI/IOMGc8LnjJq.kSjO9MpfSaUUcSzb38GTK','数据科学与大数据技术','大数据分析','2024-10-08 21:09:29','2024-10-08 21:09:29'),(154,'周湘仪','8754156384@qq.com','$2a$10$Co8IlOHtJ.VbzFhemO9IseRrzhV7lVi6l/YnGzhexpxAD7gCR0qkK','软件工程','图像与视频处理','2024-10-08 21:12:01','2024-10-08 21:12:01'),(155,'李志雄','3674518295@qq.com','$2a$10$XHFnYPMNGghe1h2vfjgk1.ey5UElm17ePOQjJZCIp7W4uL7Bef8LK','材料科学与工程','天然产物的提取及应用','2024-10-08 21:16:11','2024-10-08 21:16:11'),(156,'李林丽','135665223@qq.com','$2a$10$0uIOQJ7y5WNex/4rH8Ig0eNIE8LXl4KOHgq9uWZXNdsGXUoAhqxHC','心理学','心理语言学','2024-10-08 21:18:06','2024-10-08 21:18:06'),(157,'洪尚韬','7589417548@qq.com','$2a$10$0bqbrnAImkKDuwCjvp9NuOjS7HXEHPDIFvbwMFEDgTRDTgBE//Pxu','化学工程与工艺','功能纳米材料化学','2024-10-08 21:18:54','2024-10-08 21:18:54'),(158,'吕责炯','1584267451@qq.com','$2a$10$/2v5Lt36JPtcMzzXfXKAuO9nvuzUsEV3FfrJ4QzfFaZ0qX7hvf37S','新能源材料与器件','物质基新能源新材料','2024-10-08 21:20:34','2024-10-08 21:20:34'),(159,'徐嘉妮','3084047043@qq.com','$2a$10$D7K7WnrD4vG5XZ/K.dynHOA5f8KtsM3fR2C0z0SqXfsExEZ.K6IQm','食品营养与健康','食品安全检测新方法','2024-10-08 21:22:02','2024-10-08 21:22:02'),(160,'郭汉城','56654151@qq.com','$2a$10$nE855hvD4zhd.MlUR5rNCeGWaAhQNxter8wPxIOIC19tVl8e9oZD2','翻译','外国语言文学','2024-10-08 21:22:17','2024-10-08 21:22:17'),(161,'郭婷','454563124@qq.com','$2a$10$K0SwNyLFb2Rp27FmrhNBu.adAnNdmmmrrp/iF.xTbAD/ArxRnIulO','英语','外国语言文学','2024-10-08 21:23:23','2024-10-08 21:23:23'),(162,'宋毅杰','1684547504@qq.com','$2a$10$6JGll8uxR6OxMeQYf7zu4.B407WRdVTvDjAH7mmePl76DihhB9kIq','食品生物技术','生物工程','2024-10-08 21:26:01','2024-10-08 21:26:01'),(163,'徐盛','7018100124@qq.com','$2a$10$c8VmS8agKOfFJloMIUbn8uILX.tQ0dbUtLXkOWY7NGOqHL882tsv2','食品功能因子的功效及作用机理','食品科学与工程','2024-10-08 21:30:10','2024-10-08 21:30:10'),(164,'张青','1974082484@qq.com','$2a$10$ftax4EKlaJ2.h72krdKkkOunvjFkbCmEjYLd4yy1kUh4dkRRHYi9q','食品科学与工程','植物基食品资源开发利用','2024-10-08 21:31:00','2024-10-08 21:31:00'),(165,'周雪婷','132153654@qq.com','$2a$10$lpJdu9MQxF.SZmveJnrYM./j1B50Cf2Cb7GkKf0WrevbZ.dHrANYO','翻译','外国语言学及应用语言学','2024-10-08 21:32:28','2024-10-08 21:32:28'),(166,'段净','894616598@qq.com','$2a$10$35QhMJHQlG3.P0s9V0r8seXxtBto06BI29E6HpLeY95Pm2Neb8esK','翻译','翻译理论与实践','2024-10-08 21:33:08','2024-10-08 21:33:08'),(167,'张志武','685432187@qq.com','$2a$10$eRfm2GlhxFvoFZOV8A7L8ushRZsrXLoC8KWeFOPmFe5QIlYGilFEe','产品设计','设计管理研究','2024-10-08 21:33:54','2024-10-08 21:33:54'),(168,'张向阳','654562288@qq.com','$2a$10$mRPnI6kRSUrBaq/j7Zfkg.tpzKRPeBt/h8ABkkRejotgWa5oRTX2S','数字媒体艺术','视觉与数字媒体艺术设计','2024-10-08 21:34:49','2024-10-08 21:34:49'),(169,'刘晓辉','65464513@qq.com','$2a$10$nkAkU6bTL/vbbnRBxrtJ8u2x.tYwArtceb443pgbACOK/2/i0qcV6','影视摄影与制作','艺术产业管理','2024-10-08 21:35:48','2024-10-08 21:35:48'),(170,'胡伟','645644534@qq.com','$2a$10$cpNejqjN2aWJwILzYU/jU.k7ONfpx3MNOTZ7QCFsdteLGDH34Q/dS','汉语言文学','中国古代文字研究','2024-10-08 21:37:21','2024-10-08 21:37:21'),(171,'方芳','121132258@qq.com','$2a$10$A/ogch/iLlFgiEC8xaH2KuITCxkm9YyC/RIeplQ/2s/O01AUEM6K.','产品设计','设计管理研究','2024-10-08 21:38:38','2024-10-08 21:38:38'),(172,'李艳','123148989@qq.com','$2a$10$3H1iAMK1U.jgtqtUEYS1cej2lGYHnvOpPk8/PnZvWrk1N21NHwtwy','汉语言文学','中国当代文学','2024-10-08 21:39:43','2024-10-08 21:39:43'),(173,'余林萍','654645589@qq.com','$2a$10$Wr5t77i0kNAIyulrTF2sZuE7j23eFjzC7ndtSVfnpPWtizBOxsqNC','新闻学','中国当代文学','2024-10-08 21:40:57','2024-10-08 21:40:57'),(174,'袁杰','332312554@qq.com','$2a$10$GXmpA/YwS9o7wkGYtOAe5eZ2HyGKyzhQAJpQ2d9aFshCYGYzxILdG','信息与计算科学','复杂网络','2024-10-08 21:43:33','2024-10-08 21:43:33'),(175,'李肃','54564121@qq.com','$2a$10$L7G/1ebYGH7aiXdxYuvrR.QpAF2h5.B3XnJQIHBjxvNlZ5jxvf2VC','汉语言文学','中国现代文学思潮','2024-10-08 21:43:50','2024-10-08 21:43:50'),(176,'全柯','852146625@qq.com','$2a$10$E7vWxv.TEqFtfZhdZ5szeuFMjOj2NwjqldTKfzvVCSRKs41IhljkW','应用化学','光催化和有机催化','2024-10-08 21:45:07','2024-10-08 21:45:07'),(177,'张博','895896221@qq.com','$2a$10$AP7qehhiEfbh0LsLXnVHj.KSI.P8qj9rvgGzarpHVRXogW9qnoMHG','法学','经济法','2024-10-08 21:45:39','2024-10-08 21:45:39'),(178,'杜宇','131634464@qq.com','$2a$10$OvsmK8b9lqD.PzfbTO5fV.QY10Shz9eCFwnFNj1Q5Bm.upuEkf38G','新闻学','思想政治教育','2024-10-08 21:46:25','2024-10-08 21:46:25'),(179,'钟言','32256767@qq.com','$2a$10$95UYnhB2qokkOjKCh4KW5ukBlEtAtRzde0J1j/NtA/.0I.ObRGIq6','汉语言文学','中国当代文学','2024-10-08 21:47:12','2024-10-08 21:47:12'),(180,'杨智','716462313@qq.com','$2a$10$brsMqU3tWxZT4gavp9OeOeLy0vATABvqp7SE9s557fzjs9UvwLxm.','汉语言文学','中国新诗研究','2024-10-08 21:47:47','2024-10-08 21:47:47'),(181,'于然','231552668@qq.com','$2a$10$gCgwmeXX27Olbh1qp03YQu5MLXbe22fhvMRPboBn8HVjnZY6dmMsW','通信工程','无人机智能通信','2024-10-08 21:47:58','2024-10-08 21:47:58'),(182,'徐超','32165685@qq.com','$2a$10$8OBnb/e3Qp6aLhFkDSUOgOPgcOEZwKX2Tqg0FaycIY9wnp8UB8UiW','通信工程','宽带通信与人工智能','2024-10-08 21:48:45','2024-10-08 21:48:45'),(183,'刘卞','354966197@qq.com','$2a$10$Rekjuc3fvK4da3XD9o5Bnu9sQOdSX0UEKMjk5hTKKbfSeTDfpc4ui','汉语言文学','域外文献研究','2024-10-08 21:49:20','2024-10-08 21:49:20'),(184,'张瑞','875461553@qq.com','$2a$10$jJWLijFZdxbGLYxSG832y.uLTdM8osYI.HoIxblw2TgPpvG4cFUXy','数据科学与大数据技术','大数据分析','2024-10-08 21:49:30','2024-10-08 21:49:30'),(185,'吴苏喜','123651255@qq.com','$2a$10$hgLU6Dbmxln/cIZqEZf2P.eRoau2hswLcyu6ZGWHXvpxwiPHz1xRW','生物工程','生物医药与化学生物传感','2024-10-08 21:50:11','2024-10-08 21:50:11'),(186,'魏央','476431979@qq.com','$2a$10$HbSV7e6EfQ.rAAN97foYhuNWR9YEVzqrfN/C8sCOeEce8APkdJWe6','法学','经济法','2024-10-08 21:50:24','2024-10-08 21:50:24'),(187,'曹钟','128397123@qq.com','$2a$10$spwlvYANcv0AB3z5YQzwpOw1qUUx69wmCRCc3tISymwh3u3Z5KbhG','化学工程与工艺','天然产物的提取及应用','2024-10-08 21:51:04','2024-10-08 21:51:04'),(188,'程瑜','67465131@qq.com','$2a$10$H48hKF5EAcesi2FUs63rW.GUhwAGHnPja96w/WAr5v17Cb5082Jrq','法学','刑法学','2024-10-08 21:51:11','2024-10-08 21:51:11'),(189,'孙贺','5754131@qq.com','$2a$10$S1hFCtN9oqYJ8By.2Ow3deX4TZJ5gNYE9eG.ad1mQHTuD/jjCPqYK','法学','国际法学','2024-10-08 21:52:02','2024-10-08 21:52:02'),(190,'邓智','16346346@qq.com','$2a$10$lZCu9oankvkUfBsnAkqNSu9QlDATw19MupoGlRS8opfTSpQ3WO3hy','法学','婚姻家庭法','2024-10-08 21:53:57','2024-10-08 21:53:57'),(191,'卢凯','197636235@qq.com','$2a$10$vLAFeQBjJZSoATkDNDBrPO7AG7UlEnreMIzxlue1DhNlou4PKHuJK','法学','民商法学','2024-10-08 21:55:03','2024-10-08 21:55:03'),(192,'阚谌','26464679@qq.com','$2a$10$uDSHTDmy3qleWDOUxQNFqu.iGIg1VvqtexvEITEo8SerrA8eZkAue','材料学','功能纳米材料化学','2024-10-08 22:04:18','2024-10-08 22:04:18'),(193,'吕君','34974154@qq.com','$2a$10$GjmiMjz8u9XFra9Vaf9eNuVBT/zMZqNh4l0ilHiVmkehekxnmdFE6','材料学','物质基新能源新材料','2024-10-08 22:05:02','2024-10-08 22:05:02'),(194,'吕波','74316476@qq.com','$2a$10$CgLo5vC572EHJPuoaz5UCO0N2eVH/xDmzT/oYjuJkZysRcwUC.4Vu','食品科学与工程','食品安全检测新方法','2024-10-08 22:06:09','2024-10-08 22:06:09'),(195,'杨毅','37946464@qq.com','$2a$10$gUYDr58ORAYpmcgqQ5laV.j1oqC8k0U1Su9YtnN.FLFp9qU6BM83a','食品科学与工程','食品生物技术','2024-10-08 22:07:02','2024-10-08 22:07:02'),(196,'曹曦','4641347@qq.com','$2a$10$WhxyL0h67KdBJDzGVx2QGeMOE5HYhhcRLKXGfK4wqhYdl7cYKvysa','食品科学与工程','食品功能因子的功效及作用机理','2024-10-08 22:07:54','2024-10-08 22:07:54'),(197,'郭涂','43636459@qq.com','$2a$10$.P.ngsXej/mq09vtidecTuHFKz4AKZ8662bmwfhpDrxtBx5h6XQUG','食品质量与安全','食品生物技术','2024-10-08 22:09:09','2024-10-08 22:09:09'),(198,'孙宏','35978964@qq.com','$2a$10$JMgQnXKMhy9jdd47IMf7K.TF1c04HRgmdqfx6oIzfePSTgcs0fc/O','食品质量与安全','植物基食品资源开发利用','2024-10-08 22:09:43','2024-10-08 22:09:43'),(199,'马辉','364949846@qq.com','$2a$10$KDXhZf/fF2RrIHflOKhU5.6n/3fvxRMw4WEaktpa7ro3WILEiRK0i','汉语言文学','马克思中国化研究','2024-10-08 22:10:34','2024-10-08 22:10:34'),(200,'易峰','17394361@qq.com','$2a$10$phHXua7ndsHMQJ3uWorxVusK.9daSHCN9lNa43fYVxGSNakCrhmNi','财务管理','政治经济学','2024-10-08 22:11:16','2024-10-08 22:11:16'),(201,'辛琦','34979464@qq.com','$2a$10$GKe.cVzyS7.M7YjYpoM4suF9x/7VySPwIScAabM.R8gy3.GEYyJrC','土木工程','马克思主义中国化','2024-10-08 22:12:09','2024-10-08 22:12:09'),(202,'沈琪','31746514@qq.com','$2a$10$l24lzwWWeqCdKfIV0L2XIOMW7xwzIbuT.Wmiu3oi6dhj4oMp5UQfC','会计学','环境会计','2024-10-08 22:14:27','2024-10-08 22:14:27'),(203,'高顺','3197974641@qq.com','$2a$10$dgR5KOm8SsWiFNM07JMzdugoCi1ZHxaaJ4MSN5EAF7/iSpy1Q0Y52','建筑学','绿色建筑技术','2024-10-08 22:18:00','2024-10-08 22:18:00'),(205,'郭槐','3497411154@qq.com','$2a$10$zeIL.pWXinZsEu7fcrfts.22qatqbutZS3gB1RvA39kAKAzdM6Vsq','城乡规划','农业与资源环境经济','2024-10-08 22:19:11','2024-10-08 22:19:11'),(206,'关仓','79646131@qq.com','$2a$10$EzFuQuPeCY.dCUIOP1mJzeV9bMEhmScJIHQqNm32Fz/gRn707mE.e','市场营销','消费行为与营销管理','2024-10-08 22:19:55','2024-10-08 22:19:55'),(207,'陈群','35297911644@qq.com','$2a$10$b/cYWlfAW4ISFHZHEO4A2ejGe5A.ZecRd.m0ZMS/2dXuS9KtgLvRy','建筑学','传统聚落的保护与更新','2024-10-08 22:21:09','2024-10-08 22:21:09'),(208,'顾全','4135494163@qq.com','$2a$10$La.An65i3wO7kqFgRseWkeSnOkp/Fg3VLR4tx6sK19ysLXnciHlOi','风景园林','景观格局的水质效应','2024-10-08 22:21:46','2024-10-08 22:21:46');
/*!40000 ALTER TABLE `student` ENABLE KEYS */;
UNLOCK TABLES;

--
-- Table structure for table `student_mentor_selection`
--

DROP TABLE IF EXISTS `student_mentor_selection`;
/*!40101 SET @saved_cs_client     = @@character_set_client */;
/*!50503 SET character_set_client = utf8mb4 */;
CREATE TABLE `student_mentor_selection` (
  `selection_id` bigint NOT NULL AUTO_INCREMENT COMMENT '选择记录ID',
  `student_id` bigint NOT NULL COMMENT '学生ID',
  `mentor_id` bigint NOT NULL COMMENT '导师ID',
  `status` tinyint DEFAULT '0' COMMENT '申请状态：0 申请中, 1 导师确认, 2 拒绝',
  `create_time` datetime DEFAULT CURRENT_TIMESTAMP COMMENT '选择时间',
  `update_time` datetime DEFAULT CURRENT_TIMESTAMP ON UPDATE CURRENT_TIMESTAMP COMMENT '更新时间',
  PRIMARY KEY (`selection_id`),
  KEY `mentor_id` (`mentor_id`),
  KEY `student_id` (`student_id`),
  CONSTRAINT `student_mentor_selection_ibfk_1` FOREIGN KEY (`student_id`) REFERENCES `student` (`student_id`),
  CONSTRAINT `student_mentor_selection_ibfk_2` FOREIGN KEY (`mentor_id`) REFERENCES `mentor` (`mentor_id`)
) ENGINE=InnoDB AUTO_INCREMENT=6 DEFAULT CHARSET=utf8mb4 COLLATE=utf8mb4_bin ROW_FORMAT=DYNAMIC;
/*!40101 SET character_set_client = @saved_cs_client */;

--
-- Dumping data for table `student_mentor_selection`
--

LOCK TABLES `student_mentor_selection` WRITE;
/*!40000 ALTER TABLE `student_mentor_selection` DISABLE KEYS */;
INSERT INTO `student_mentor_selection` VALUES (3,3,2,1,'2024-10-07 14:52:27','2024-10-07 14:53:39'),(5,6,7,1,'2024-10-07 15:29:42','2024-10-07 15:30:10');
/*!40000 ALTER TABLE `student_mentor_selection` ENABLE KEYS */;
UNLOCK TABLES;

--
-- Table structure for table `sys_config`
--

DROP TABLE IF EXISTS `sys_config`;
/*!40101 SET @saved_cs_client     = @@character_set_client */;
/*!50503 SET character_set_client = utf8mb4 */;
CREATE TABLE `sys_config` (
  `config_id` int NOT NULL AUTO_INCREMENT COMMENT '参数主键',
  `config_name` varchar(100) DEFAULT '' COMMENT '参数名称',
  `config_key` varchar(100) DEFAULT '' COMMENT '参数键名',
  `config_value` varchar(500) DEFAULT '' COMMENT '参数键值',
  `config_type` char(1) DEFAULT 'N' COMMENT '系统内置（Y是 N否）',
  `create_by` varchar(64) DEFAULT '' COMMENT '创建者',
  `create_time` datetime DEFAULT NULL COMMENT '创建时间',
  `update_by` varchar(64) DEFAULT '' COMMENT '更新者',
  `update_time` datetime DEFAULT NULL COMMENT '更新时间',
  `remark` varchar(500) DEFAULT NULL COMMENT '备注',
  PRIMARY KEY (`config_id`)
) ENGINE=InnoDB AUTO_INCREMENT=7 DEFAULT CHARSET=utf8mb4 COLLATE=utf8mb4_0900_ai_ci COMMENT='参数配置表';
/*!40101 SET character_set_client = @saved_cs_client */;

--
-- Dumping data for table `sys_config`
--

LOCK TABLES `sys_config` WRITE;
/*!40000 ALTER TABLE `sys_config` DISABLE KEYS */;
INSERT INTO `sys_config` VALUES (1,'主框架页-默认皮肤样式名称','sys.index.skinName','skin-blue','Y','admin','2024-09-22 14:24:38','',NULL,'蓝色 skin-blue、绿色 skin-green、紫色 skin-purple、红色 skin-red、黄色 skin-yellow'),(2,'用户管理-账号初始密码','sys.user.initPassword','123456','Y','admin','2024-09-22 14:24:38','',NULL,'初始化密码 123456'),(3,'主框架页-侧边栏主题','sys.index.sideTheme','theme-dark','Y','admin','2024-09-22 14:24:38','',NULL,'深色主题theme-dark，浅色主题theme-light'),(4,'账号自助-验证码开关','sys.account.captchaEnabled','false','Y','admin','2024-09-22 14:24:38','',NULL,'是否开启验证码功能（true开启，false关闭）'),(5,'账号自助-是否开启用户注册功能','sys.account.registerUser','true','Y','admin','2024-09-22 14:24:38','',NULL,'是否开启注册用户功能（true开启，false关闭）'),(6,'用户登录-黑名单列表','sys.login.blackIPList','','Y','admin','2024-09-22 14:24:38','',NULL,'设置登录IP黑名单限制，多个匹配项以;分隔，支持匹配（*通配、网段）');
/*!40000 ALTER TABLE `sys_config` ENABLE KEYS */;
UNLOCK TABLES;

--
-- Table structure for table `sys_dept`
--

DROP TABLE IF EXISTS `sys_dept`;
/*!40101 SET @saved_cs_client     = @@character_set_client */;
/*!50503 SET character_set_client = utf8mb4 */;
CREATE TABLE `sys_dept` (
  `dept_id` bigint NOT NULL AUTO_INCREMENT COMMENT '部门id',
  `parent_id` bigint DEFAULT '0' COMMENT '父部门id',
  `ancestors` varchar(50) DEFAULT '' COMMENT '祖级列表',
  `dept_name` varchar(30) DEFAULT '' COMMENT '部门名称',
  `order_num` int DEFAULT '0' COMMENT '显示顺序',
  `leader` varchar(20) DEFAULT NULL COMMENT '负责人',
  `phone` varchar(11) DEFAULT NULL COMMENT '联系电话',
  `email` varchar(50) DEFAULT NULL COMMENT '邮箱',
  `status` char(1) DEFAULT '0' COMMENT '部门状态（0正常 1停用）',
  `del_flag` char(1) DEFAULT '0' COMMENT '删除标志（0代表存在 2代表删除）',
  `create_by` varchar(64) DEFAULT '' COMMENT '创建者',
  `create_time` datetime DEFAULT NULL COMMENT '创建时间',
  `update_by` varchar(64) DEFAULT '' COMMENT '更新者',
  `update_time` datetime DEFAULT NULL COMMENT '更新时间',
  PRIMARY KEY (`dept_id`)
) ENGINE=InnoDB DEFAULT CHARSET=utf8mb4 COLLATE=utf8mb4_0900_ai_ci COMMENT='部门表';
/*!40101 SET character_set_client = @saved_cs_client */;

--
-- Dumping data for table `sys_dept`
--

LOCK TABLES `sys_dept` WRITE;
/*!40000 ALTER TABLE `sys_dept` DISABLE KEYS */;
/*!40000 ALTER TABLE `sys_dept` ENABLE KEYS */;
UNLOCK TABLES;

--
-- Table structure for table `sys_dict_data`
--

DROP TABLE IF EXISTS `sys_dict_data`;
/*!40101 SET @saved_cs_client     = @@character_set_client */;
/*!50503 SET character_set_client = utf8mb4 */;
CREATE TABLE `sys_dict_data` (
  `dict_code` bigint NOT NULL AUTO_INCREMENT COMMENT '字典编码',
  `dict_sort` int DEFAULT '0' COMMENT '字典排序',
  `dict_label` varchar(100) DEFAULT '' COMMENT '字典标签',
  `dict_value` varchar(100) DEFAULT '' COMMENT '字典键值',
  `dict_type` varchar(100) DEFAULT '' COMMENT '字典类型',
  `css_class` varchar(100) DEFAULT NULL COMMENT '样式属性（其他样式扩展）',
  `list_class` varchar(100) DEFAULT NULL COMMENT '表格回显样式',
  `is_default` char(1) DEFAULT 'N' COMMENT '是否默认（Y是 N否）',
  `status` char(1) DEFAULT '0' COMMENT '状态（0正常 1停用）',
  `create_by` varchar(64) DEFAULT '' COMMENT '创建者',
  `create_time` datetime DEFAULT NULL COMMENT '创建时间',
  `update_by` varchar(64) DEFAULT '' COMMENT '更新者',
  `update_time` datetime DEFAULT NULL COMMENT '更新时间',
  `remark` varchar(500) DEFAULT NULL COMMENT '备注',
  PRIMARY KEY (`dict_code`)
) ENGINE=InnoDB AUTO_INCREMENT=11 DEFAULT CHARSET=utf8mb4 COLLATE=utf8mb4_0900_ai_ci COMMENT='字典数据表';
/*!40101 SET character_set_client = @saved_cs_client */;

--
-- Dumping data for table `sys_dict_data`
--

LOCK TABLES `sys_dict_data` WRITE;
/*!40000 ALTER TABLE `sys_dict_data` DISABLE KEYS */;
INSERT INTO `sys_dict_data` VALUES (1,1,'男','0','sys_user_sex','','','Y','0','admin','2024-09-22 14:24:38','',NULL,'性别男'),(2,2,'女','1','sys_user_sex','','','N','0','admin','2024-09-22 14:24:38','',NULL,'性别女'),(3,3,'未知','2','sys_user_sex','','','N','0','admin','2024-09-22 14:24:38','',NULL,'性别未知'),(4,1,'显示','0','sys_show_hide','','primary','Y','0','admin','2024-09-22 14:24:38','',NULL,'显示菜单'),(5,2,'隐藏','1','sys_show_hide','','danger','N','0','admin','2024-09-22 14:24:38','',NULL,'隐藏菜单'),(6,1,'正常','0','sys_normal_disable','','primary','Y','0','admin','2024-09-22 14:24:38','',NULL,'正常状态'),(7,2,'停用','1','sys_normal_disable','','danger','N','0','admin','2024-09-22 14:24:38','',NULL,'停用状态'),(8,1,'正常','0','sys_job_status','','primary','Y','0','admin','2024-09-22 14:24:38','',NULL,'正常状态'),(9,2,'暂停','1','sys_job_status','','danger','N','0','admin','2024-09-22 14:24:38','',NULL,'停用状态'),(10,1,'默认','DEFAULT','sys_job_group','','','Y','0','admin','2024-09-22 14:24:38','',NULL,'默认分组');
/*!40000 ALTER TABLE `sys_dict_data` ENABLE KEYS */;
UNLOCK TABLES;

--
-- Table structure for table `sys_dict_type`
--

DROP TABLE IF EXISTS `sys_dict_type`;
/*!40101 SET @saved_cs_client     = @@character_set_client */;
/*!50503 SET character_set_client = utf8mb4 */;
CREATE TABLE `sys_dict_type` (
  `dict_id` bigint NOT NULL AUTO_INCREMENT COMMENT '字典主键',
  `dict_name` varchar(100) DEFAULT '' COMMENT '字典名称',
  `dict_type` varchar(100) DEFAULT '' COMMENT '字典类型',
  `status` char(1) DEFAULT '0' COMMENT '状态（0正常 1停用）',
  `create_by` varchar(64) DEFAULT '' COMMENT '创建者',
  `create_time` datetime DEFAULT NULL COMMENT '创建时间',
  `update_by` varchar(64) DEFAULT '' COMMENT '更新者',
  `update_time` datetime DEFAULT NULL COMMENT '更新时间',
  `remark` varchar(500) DEFAULT NULL COMMENT '备注',
  PRIMARY KEY (`dict_id`),
  UNIQUE KEY `dict_type` (`dict_type`)
) ENGINE=InnoDB AUTO_INCREMENT=11 DEFAULT CHARSET=utf8mb4 COLLATE=utf8mb4_0900_ai_ci COMMENT='字典类型表';
/*!40101 SET character_set_client = @saved_cs_client */;

--
-- Dumping data for table `sys_dict_type`
--

LOCK TABLES `sys_dict_type` WRITE;
/*!40000 ALTER TABLE `sys_dict_type` DISABLE KEYS */;
INSERT INTO `sys_dict_type` VALUES (1,'用户性别','sys_user_sex','0','admin','2024-09-22 14:24:38','',NULL,'用户性别列表'),(2,'菜单状态','sys_show_hide','0','admin','2024-09-22 14:24:38','',NULL,'菜单状态列表'),(3,'系统开关','sys_normal_disable','0','admin','2024-09-22 14:24:38','',NULL,'系统开关列表'),(4,'任务状态','sys_job_status','0','admin','2024-09-22 14:24:38','',NULL,'任务状态列表'),(5,'任务分组','sys_job_group','0','admin','2024-09-22 14:24:38','',NULL,'任务分组列表'),(6,'系统是否','sys_yes_no','0','admin','2024-09-22 14:24:38','',NULL,'系统是否列表'),(7,'通知类型','sys_notice_type','0','admin','2024-09-22 14:24:38','',NULL,'通知类型列表'),(8,'通知状态','sys_notice_status','0','admin','2024-09-22 14:24:38','',NULL,'通知状态列表'),(9,'操作类型','sys_oper_type','0','admin','2024-09-22 14:24:38','',NULL,'操作类型列表'),(10,'系统状态','sys_common_status','0','admin','2024-09-22 14:24:38','',NULL,'登录状态列表');
/*!40000 ALTER TABLE `sys_dict_type` ENABLE KEYS */;
UNLOCK TABLES;

--
-- Table structure for table `sys_job`
--

DROP TABLE IF EXISTS `sys_job`;
/*!40101 SET @saved_cs_client     = @@character_set_client */;
/*!50503 SET character_set_client = utf8mb4 */;
CREATE TABLE `sys_job` (
  `job_id` bigint NOT NULL AUTO_INCREMENT COMMENT '任务ID',
  `job_name` varchar(64) NOT NULL DEFAULT '' COMMENT '任务名称',
  `job_group` varchar(64) NOT NULL DEFAULT 'DEFAULT' COMMENT '任务组名',
  `invoke_target` varchar(500) NOT NULL COMMENT '调用目标字符串',
  `cron_expression` varchar(255) DEFAULT '' COMMENT 'cron执行表达式',
  `misfire_policy` varchar(20) DEFAULT '3' COMMENT '计划执行错误策略（1立即执行 2执行一次 3放弃执行）',
  `concurrent` char(1) DEFAULT '1' COMMENT '是否并发执行（0允许 1禁止）',
  `status` char(1) DEFAULT '0' COMMENT '状态（0正常 1暂停）',
  `create_by` varchar(64) DEFAULT '' COMMENT '创建者',
  `create_time` datetime DEFAULT NULL COMMENT '创建时间',
  `update_by` varchar(64) DEFAULT '' COMMENT '更新者',
  `update_time` datetime DEFAULT NULL COMMENT '更新时间',
  `remark` varchar(500) DEFAULT '' COMMENT '备注信息',
  PRIMARY KEY (`job_id`,`job_name`,`job_group`)
) ENGINE=InnoDB AUTO_INCREMENT=4 DEFAULT CHARSET=utf8mb4 COLLATE=utf8mb4_0900_ai_ci COMMENT='定时任务调度表';
/*!40101 SET character_set_client = @saved_cs_client */;

--
-- Dumping data for table `sys_job`
--

LOCK TABLES `sys_job` WRITE;
/*!40000 ALTER TABLE `sys_job` DISABLE KEYS */;
INSERT INTO `sys_job` VALUES (1,'系统默认（无参）','DEFAULT','ryTask.ryNoParams','0/10 * * * * ?','3','1','1','admin','2024-09-22 14:24:38','',NULL,''),(2,'系统默认（有参）','DEFAULT','ryTask.ryParams(\'ry\')','0/15 * * * * ?','3','1','1','admin','2024-09-22 14:24:38','',NULL,''),(3,'系统默认（多参）','DEFAULT','ryTask.ryMultipleParams(\'ry\', true, 2000L, 316.50D, 100)','0/20 * * * * ?','3','1','1','admin','2024-09-22 14:24:38','',NULL,'');
/*!40000 ALTER TABLE `sys_job` ENABLE KEYS */;
UNLOCK TABLES;

--
-- Table structure for table `sys_job_log`
--

DROP TABLE IF EXISTS `sys_job_log`;
/*!40101 SET @saved_cs_client     = @@character_set_client */;
/*!50503 SET character_set_client = utf8mb4 */;
CREATE TABLE `sys_job_log` (
  `job_log_id` bigint NOT NULL AUTO_INCREMENT COMMENT '任务日志ID',
  `job_name` varchar(64) NOT NULL COMMENT '任务名称',
  `job_group` varchar(64) NOT NULL COMMENT '任务组名',
  `invoke_target` varchar(500) NOT NULL COMMENT '调用目标字符串',
  `job_message` varchar(500) DEFAULT NULL COMMENT '日志信息',
  `status` char(1) DEFAULT '0' COMMENT '执行状态（0正常 1失败）',
  `exception_info` varchar(2000) DEFAULT '' COMMENT '异常信息',
  `create_time` datetime DEFAULT NULL COMMENT '创建时间',
  PRIMARY KEY (`job_log_id`)
) ENGINE=InnoDB DEFAULT CHARSET=utf8mb4 COLLATE=utf8mb4_0900_ai_ci COMMENT='定时任务调度日志表';
/*!40101 SET character_set_client = @saved_cs_client */;

--
-- Dumping data for table `sys_job_log`
--

LOCK TABLES `sys_job_log` WRITE;
/*!40000 ALTER TABLE `sys_job_log` DISABLE KEYS */;
/*!40000 ALTER TABLE `sys_job_log` ENABLE KEYS */;
UNLOCK TABLES;

--
-- Table structure for table `sys_logininfor`
--

DROP TABLE IF EXISTS `sys_logininfor`;
/*!40101 SET @saved_cs_client     = @@character_set_client */;
/*!50503 SET character_set_client = utf8mb4 */;
CREATE TABLE `sys_logininfor` (
  `info_id` bigint NOT NULL AUTO_INCREMENT COMMENT '访问ID',
  `user_name` varchar(50) DEFAULT '' COMMENT '用户账号',
  `ipaddr` varchar(128) DEFAULT '' COMMENT '登录IP地址',
  `login_location` varchar(255) DEFAULT '' COMMENT '登录地点',
  `browser` varchar(50) DEFAULT '' COMMENT '浏览器类型',
  `os` varchar(50) DEFAULT '' COMMENT '操作系统',
  `status` char(1) DEFAULT '0' COMMENT '登录状态（0成功 1失败）',
  `msg` varchar(255) DEFAULT '' COMMENT '提示消息',
  `login_time` datetime DEFAULT NULL COMMENT '访问时间',
  PRIMARY KEY (`info_id`),
  KEY `idx_sys_logininfor_lt` (`login_time`),
  KEY `idx_sys_logininfor_s` (`status`)
) ENGINE=InnoDB AUTO_INCREMENT=383 DEFAULT CHARSET=utf8mb4 COLLATE=utf8mb4_0900_ai_ci COMMENT='系统访问记录';
/*!40101 SET character_set_client = @saved_cs_client */;

--
-- Dumping data for table `sys_logininfor`
--

LOCK TABLES `sys_logininfor` WRITE;
/*!40000 ALTER TABLE `sys_logininfor` DISABLE KEYS */;
INSERT INTO `sys_logininfor` VALUES (1,'admin','206.237.119.148','XX XX','Chrome 12','Windows 10','0','登录成功','2024-10-07 13:41:45'),(2,'admin','206.237.119.148','XX XX','Chrome 12','Windows 10','0','退出成功','2024-10-07 14:46:56'),(3,'mentorTest','206.237.119.148','XX XX','Chrome 12','Windows 10','0','注册成功','2024-10-07 14:47:35'),(4,'mentorTest','206.237.119.148','XX XX','Chrome 12','Windows 10','0','登录成功','2024-10-07 14:47:48'),(5,'mentorTest','206.237.119.148','XX XX','Chrome 12','Windows 10','0','退出成功','2024-10-07 14:48:24'),(6,'admin','206.237.119.148','XX XX','Chrome 12','Windows 10','0','登录成功','2024-10-07 14:48:33'),(7,'admin','206.237.119.148','XX XX','Chrome 12','Windows 10','0','退出成功','2024-10-07 14:49:01'),(8,'mentorTest','206.237.119.148','XX XX','Chrome 12','Windows 10','0','登录成功','2024-10-07 14:49:10'),(9,'mentorTest','206.237.119.148','XX XX','Chrome 12','Windows 10','0','退出成功','2024-10-07 14:49:45'),(10,'studentTest','206.237.119.148','XX XX','Chrome 12','Windows 10','0','注册成功','2024-10-07 14:50:13'),(11,'studentTest','206.237.119.148','XX XX','Chrome 12','Windows 10','0','登录成功','2024-10-07 14:50:25'),(12,'studentTest','206.237.119.148','XX XX','Chrome 12','Windows 10','0','退出成功','2024-10-07 14:53:08'),(13,'mentorTest','206.237.119.148','XX XX','Chrome 12','Windows 10','0','登录成功','2024-10-07 14:53:29'),(14,'mentorTest','206.237.119.148','XX XX','Chrome 12','Windows 10','0','退出成功','2024-10-07 14:54:01'),(15,'admin','206.237.119.148','XX XX','Chrome 12','Windows 10','0','登录成功','2024-10-07 14:54:17'),(16,'admin','206.237.119.148','XX XX','Chrome 12','Windows 10','0','退出成功','2024-10-07 14:54:57'),(17,'hefeng','175.2.95.34','XX XX','Chrome Mobile','Android 1.x','0','注册成功','2024-10-07 15:02:57'),(18,'feng','175.2.95.34','XX XX','Chrome Mobile','Android 1.x','1','用户不存在/密码错误','2024-10-07 15:03:00'),(19,'hefeng','175.2.95.34','XX XX','Chrome Mobile','Android 1.x','0','登录成功','2024-10-07 15:03:15'),(20,'test','175.2.23.210','XX XX','Apple WebKit','Mac OS X (iPhone)','1','用户不存在/密码错误','2024-10-07 15:19:42'),(21,'test1','175.2.23.210','XX XX','Apple WebKit','Mac OS X (iPhone)','1','用户不存在/密码错误','2024-10-07 15:19:58'),(22,'test1','175.2.23.210','XX XX','Apple WebKit','Mac OS X (iPhone)','1','用户不存在/密码错误','2024-10-07 15:20:03'),(23,'test','175.2.23.210','XX XX','Apple WebKit','Mac OS X (iPhone)','0','注册成功','2024-10-07 15:20:39'),(24,'test','175.2.23.210','XX XX','Apple WebKit','Mac OS X (iPhone)','0','登录成功','2024-10-07 15:20:46'),(25,'test','175.2.23.210','XX XX','Mobile Safari','Mac OS X (iPhone)','0','登录成功','2024-10-07 15:23:55'),(26,'test','175.2.23.210','XX XX','Mobile Safari','Mac OS X (iPhone)','0','退出成功','2024-10-07 15:24:11'),(27,'qianjienan','175.2.23.210','XX XX','Mobile Safari','Mac OS X (iPhone)','0','注册成功','2024-10-07 15:24:45'),(28,'qianjienan','175.2.23.210','XX XX','Mobile Safari','Mac OS X (iPhone)','0','登录成功','2024-10-07 15:24:58'),(29,'qianjienan','175.2.23.210','XX XX','Mobile Safari','Mac OS X (iPhone)','0','退出成功','2024-10-07 15:26:38'),(30,'test','175.2.23.210','XX XX','Mobile Safari','Mac OS X (iPhone)','0','登录成功','2024-10-07 15:26:46'),(31,'test','175.2.23.210','XX XX','Mobile Safari','Mac OS X (iPhone)','0','退出成功','2024-10-07 15:28:28'),(32,'test2','175.2.23.210','XX XX','Mobile Safari','Mac OS X (iPhone)','0','注册成功','2024-10-07 15:29:05'),(33,'test2','175.2.23.210','XX XX','Mobile Safari','Mac OS X (iPhone)','0','登录成功','2024-10-07 15:29:16'),(34,'test2','175.2.23.210','XX XX','Mobile Safari','Mac OS X (iPhone)','0','退出成功','2024-10-07 15:29:22'),(35,'qianjienan','175.2.23.210','XX XX','Mobile Safari','Mac OS X (iPhone)','0','登录成功','2024-10-07 15:29:31'),(36,'qianjienan','175.2.23.210','XX XX','Mobile Safari','Mac OS X (iPhone)','0','退出成功','2024-10-07 15:29:52'),(37,'test2','175.2.23.210','XX XX','Mobile Safari','Mac OS X (iPhone)','0','登录成功','2024-10-07 15:30:02'),(38,'admin','127.0.0.1','内网IP','Chrome 12','Windows 10','1','用户不存在/密码错误','2024-10-07 16:20:44'),(39,'admin','127.0.0.1','内网IP','Chrome 12','Windows 10','1','用户不存在/密码错误','2024-10-07 16:20:48'),(40,'admin','127.0.0.1','内网IP','Chrome 12','Windows 10','0','登录成功','2024-10-07 16:20:53'),(41,'lzclzclzc','183.129.178.123','XX XX','Chrome 12','Windows 10','0','注册成功','2024-10-08 09:36:57'),(42,'test','222.247.225.105','XX XX','Chrome 10','Windows 10','0','登录成功','2024-10-08 10:30:36'),(43,'test','222.247.225.106','XX XX','Chrome 10','Windows 10','0','登录成功','2024-10-08 10:30:50'),(44,'test','222.247.225.105','XX XX','Chrome 10','Windows 10','0','退出成功','2024-10-08 10:31:43'),(45,'test','222.247.225.106','XX XX','Chrome 10','Windows 10','0','退出成功','2024-10-08 10:32:10'),(46,'xionglian','222.247.225.105','XX XX','Chrome 10','Windows 10','0','注册成功','2024-10-08 10:32:38'),(47,'xionglian','222.247.225.105','XX XX','Chrome 10','Windows 10','0','登录成功','2024-10-08 10:32:50'),(48,'xionglian','222.247.225.105','XX XX','Chrome 10','Windows 10','0','退出成功','2024-10-08 10:33:27'),(49,'xiaoliang','222.247.225.105','XX XX','Chrome 10','Windows 10','0','注册成功','2024-10-08 10:41:32'),(50,'limin','222.247.225.106','XX XX','Chrome 10','Windows 10','0','注册成功','2024-10-08 10:42:02'),(51,'wangzheng','222.247.225.106','XX XX','Chrome 10','Windows 10','0','注册成功','2024-10-08 10:42:55'),(52,'zhanghua','222.247.225.105','XX XX','Chrome 10','Windows 10','0','注册成功','2024-10-08 10:44:42'),(53,'liuzhaoyang','222.247.225.106','XX XX','Chrome 10','Windows 10','0','注册成功','2024-10-08 10:44:53'),(54,'wugang','222.247.225.106','XX XX','Chrome 10','Windows 10','0','注册成功','2024-10-08 10:46:38'),(55,'cuidongshan','222.247.225.105','XX XX','Chrome 10','Windows 10','0','注册成功','2024-10-08 10:47:02'),(56,'xinglijun','222.247.225.106','XX XX','Chrome 10','Windows 10','0','注册成功','2024-10-08 10:48:47'),(57,'dingyi','222.247.225.105','XX XX','Chrome 10','Windows 10','0','注册成功','2024-10-08 10:50:38'),(58,'chenchangqing','222.247.225.106','XX XX','Chrome 10','Windows 10','0','注册成功','2024-10-08 10:51:26'),(59,'linhao','222.247.225.106','XX XX','Chrome 10','Windows 10','0','注册成功','2024-10-08 10:52:32'),(60,'bisheng','222.247.225.105','XX XX','Chrome 10','Windows 10','0','注册成功','2024-10-08 10:52:35'),(61,'wanglei','222.247.225.106','XX XX','Chrome 10','Windows 10','0','注册成功','2024-10-08 10:53:55'),(62,'wangzhihe','222.247.225.106','XX XX','Chrome 10','Windows 10','0','注册成功','2024-10-08 10:55:01'),(63,'lilijun','222.247.225.106','XX XX','Chrome 10','Windows 10','0','注册成功','2024-10-08 10:55:44'),(64,'hubo','222.247.225.106','XX XX','Chrome 10','Windows 10','0','注册成功','2024-10-08 10:57:47'),(65,'huangqing','222.247.225.105','XX XX','Chrome 10','Windows 10','0','注册成功','2024-10-08 10:58:07'),(66,'xuchang','222.247.225.106','XX XX','Chrome 10','Windows 10','0','注册成功','2024-10-08 10:58:37'),(67,'xuqiang','222.247.225.106','XX XX','Chrome 10','Windows 10','0','注册成功','2024-10-08 10:59:28'),(68,'zhaozhi','222.247.225.105','XX XX','Chrome 10','Windows 10','0','注册成功','2024-10-08 11:00:04'),(69,'wangqi','222.247.225.106','XX XX','Chrome 10','Windows 10','0','注册成功','2024-10-08 11:00:41'),(70,'yangjin','222.247.225.105','XX XX','Chrome 10','Windows 10','0','注册成功','2024-10-08 11:01:38'),(71,'rongxuanzi','222.247.225.106','XX XX','Chrome 10','Windows 10','0','注册成功','2024-10-08 11:02:05'),(72,'wangjie','222.247.225.106','XX XX','Chrome 10','Windows 10','0','注册成功','2024-10-08 11:03:28'),(73,'liuli','222.247.225.105','XX XX','Chrome 10','Windows 10','0','注册成功','2024-10-08 11:03:43'),(74,'chenglijian','222.247.225.106','XX XX','Chrome 10','Windows 10','0','注册成功','2024-10-08 11:04:18'),(75,'zhuwen','222.247.225.105','XX XX','Chrome 10','Windows 10','0','注册成功','2024-10-08 11:04:49'),(76,'zhaoyu','222.247.225.106','XX XX','Chrome 10','Windows 10','0','注册成功','2024-10-08 11:05:29'),(77,'dengyuan','222.247.225.106','XX XX','Chrome 10','Windows 10','0','注册成功','2024-10-08 11:06:09'),(78,'lizeyi','222.247.225.106','XX XX','Chrome 10','Windows 10','0','注册成功','2024-10-08 11:07:10'),(79,'duanyu','222.247.225.105','XX XX','Chrome 10','Windows 10','0','注册成功','2024-10-08 11:08:45'),(80,'sunqiquan','222.247.225.106','XX XX','Chrome 10','Windows 10','0','注册成功','2024-10-08 11:09:22'),(81,'test2','222.247.225.106','XX XX','Chrome 10','Windows 10','0','登录成功','2024-10-08 11:09:43'),(82,'test2','222.247.225.106','XX XX','Chrome 10','Windows 10','0','退出成功','2024-10-08 11:09:58'),(83,'qianjienan','222.247.225.106','XX XX','Chrome 10','Windows 10','0','登录成功','2024-10-08 11:10:10'),(84,'qianjienan','222.247.225.106','XX XX','Chrome 10','Windows 10','0','退出成功','2024-10-08 11:11:49'),(85,'wufei','222.247.225.105','XX XX','Chrome 10','Windows 10','0','注册成功','2024-10-08 11:11:55'),(86,'wangwenwen','222.247.225.106','XX XX','Chrome 10','Windows 10','0','注册成功','2024-10-08 11:12:31'),(87,'jiangxin','222.247.225.106','XX XX','Chrome 10','Windows 10','0','注册成功','2024-10-08 11:13:33'),(88,'jinshengtan','222.247.225.105','XX XX','Chrome 10','Windows 10','0','注册成功','2024-10-08 11:14:22'),(89,'xieqiyue','222.247.225.106','XX XX','Chrome 10','Windows 10','0','注册成功','2024-10-08 11:14:30'),(90,'chenlin','222.247.225.106','XX XX','Chrome 10','Windows 10','0','注册成功','2024-10-08 11:15:13'),(91,'heqi','222.247.225.105','XX XX','Chrome 10','Windows 10','0','注册成功','2024-10-08 11:16:02'),(92,'zhouxuan','222.247.225.106','XX XX','Chrome 10','Windows 10','0','注册成功','2024-10-08 11:16:12'),(93,'xiazhaoyang','222.247.225.106','XX XX','Chrome 10','Windows 10','0','注册成功','2024-10-08 11:17:21'),(94,'zhongyang','222.247.225.105','XX XX','Chrome 10','Windows 10','0','注册成功','2024-10-08 11:17:59'),(95,'hejun','222.247.225.106','XX XX','Chrome 10','Windows 10','0','注册成功','2024-10-08 11:18:43'),(96,'qianjienan','222.247.225.106','XX XX','Chrome 10','Windows 10','0','登录成功','2024-10-08 11:18:58'),(97,'linhuiying','222.247.225.105','XX XX','Chrome 10','Windows 10','0','注册成功','2024-10-08 11:20:45'),(98,'qianjienan','222.247.225.106','XX XX','Chrome 10','Windows 10','0','退出成功','2024-10-08 11:21:06'),(99,'zhaohui','222.247.225.106','XX XX','Chrome 10','Windows 10','0','注册成功','2024-10-08 11:22:15'),(100,'jiangying','222.247.225.105','XX XX','Chrome 10','Windows 10','0','注册成功','2024-10-08 11:22:44'),(101,'lili','222.247.225.106','XX XX','Chrome 10','Windows 10','0','注册成功','2024-10-08 11:22:55'),(102,'jiangchaowei','222.247.225.106','XX XX','Chrome 10','Windows 10','0','注册成功','2024-10-08 11:23:33'),(103,'songliuyang','222.247.225.105','XX XX','Chrome 10','Windows 10','0','注册成功','2024-10-08 11:24:08'),(104,'licongsheng','222.247.225.106','XX XX','Chrome 10','Windows 10','0','注册成功','2024-10-08 11:24:32'),(105,'yetingli','222.247.225.106','XX XX','Chrome 10','Windows 10','0','注册成功','2024-10-08 11:25:41'),(106,'wangxinyu','222.247.225.106','XX XX','Chrome 10','Windows 10','0','注册成功','2024-10-08 11:26:17'),(107,'qianxuanyi','222.247.225.105','XX XX','Chrome 10','Windows 10','0','注册成功','2024-10-08 11:26:25'),(108,'pengjun','222.247.225.106','XX XX','Chrome 10','Windows 10','0','注册成功','2024-10-08 11:27:24'),(109,'xiongchuan','222.247.225.105','XX XX','Chrome 10','Windows 10','0','注册成功','2024-10-08 11:27:29'),(110,'qianjienan','222.247.225.106','XX XX','Chrome 10','Windows 10','0','登录成功','2024-10-08 11:27:35'),(111,'qianjienan','222.247.225.106','XX XX','Chrome 10','Windows 10','0','退出成功','2024-10-08 11:28:54'),(112,'liping','222.247.225.106','XX XX','Chrome 10','Windows 10','0','注册成功','2024-10-08 11:29:45'),(113,'lizeyan','222.247.225.106','XX XX','Chrome 10','Windows 10','0','注册成功','2024-10-08 11:30:25'),(114,'huangjianjun','222.247.225.105','XX XX','Chrome 10','Windows 10','0','注册成功','2024-10-08 11:31:02'),(115,'wangchengguo','222.247.225.106','XX XX','Chrome 10','Windows 10','0','注册成功','2024-10-08 11:31:10'),(116,'lvshibei','222.247.225.106','XX XX','Chrome 10','Windows 10','0','注册成功','2024-10-08 11:31:59'),(117,'tangyong','222.247.225.106','XX XX','Chrome 10','Windows 10','0','注册成功','2024-10-08 11:32:47'),(118,'shencong','222.247.225.105','XX XX','Chrome 10','Windows 10','0','注册成功','2024-10-08 11:32:51'),(119,'songxiaoyun','222.247.225.106','XX XX','Chrome 10','Windows 10','0','注册成功','2024-10-08 11:33:34'),(120,'songhongwen','222.247.225.106','XX XX','Chrome 10','Windows 10','0','注册成功','2024-10-08 11:41:01'),(121,'qianjienan','222.247.225.205','XX XX','Chrome 12','Windows 10','0','登录成功','2024-10-08 17:42:21'),(122,'qianjienan','222.247.225.205','XX XX','Chrome 12','Windows 10','0','退出成功','2024-10-08 17:45:20'),(123,'test','222.247.225.205','XX XX','Chrome 12','Windows 10','0','登录成功','2024-10-08 17:45:25'),(124,'test','222.247.225.205','XX XX','Chrome 12','Windows 10','0','退出成功','2024-10-08 17:46:37'),(125,'wulingling','222.247.225.205','XX XX','Chrome 12','Windows 10','0','注册成功','2024-10-08 17:47:48'),(126,'wangkun','222.247.225.205','XX XX','Chrome 12','Windows 10','0','注册成功','2024-10-08 17:48:27'),(127,'ningzhiyuan','222.247.225.205','XX XX','Chrome 12','Windows 10','0','注册成功','2024-10-08 17:49:05'),(128,'wuchangyuan','222.247.225.205','XX XX','Chrome 12','Windows 10','0','注册成功','2024-10-08 17:50:10'),(129,'lixun','222.247.225.205','XX XX','Chrome 12','Windows 10','0','注册成功','2024-10-08 17:50:40'),(130,'test','222.247.225.205','XX XX','Chrome 12','Windows 10','0','登录成功','2024-10-08 17:50:44'),(131,'test','222.247.225.205','XX XX','Chrome 12','Windows 10','0','退出成功','2024-10-08 17:50:50'),(132,'qianjienan','222.247.225.205','XX XX','Chrome 12','Windows 10','0','登录成功','2024-10-08 17:50:57'),(133,'qianjienan','222.247.225.205','XX XX','Chrome 12','Windows 10','0','退出成功','2024-10-08 17:51:18'),(134,'dingzheli','222.247.225.205','XX XX','Chrome 12','Windows 10','0','注册成功','2024-10-08 17:54:08'),(135,'fangyuanyuan','222.247.225.205','XX XX','Chrome 12','Windows 10','0','注册成功','2024-10-08 17:54:57'),(136,'xieyufei','222.247.225.205','XX XX','Chrome 12','Windows 10','0','注册成功','2024-10-08 17:55:47'),(137,'xieluding','222.247.225.205','XX XX','Chrome 12','Windows 10','0','注册成功','2024-10-08 17:56:43'),(138,'wangxuri','222.247.225.205','XX XX','Chrome 12','Windows 10','0','注册成功','2024-10-08 17:57:28'),(139,'qianjienan','222.247.225.205','XX XX','Chrome 12','Windows 10','0','登录成功','2024-10-08 17:57:31'),(140,'qianjienan','222.247.225.205','XX XX','Chrome 12','Windows 10','0','退出成功','2024-10-08 17:58:06'),(141,'hefeng','222.247.225.205','XX XX','Chrome 12','Windows 10','1','用户不存在/密码错误','2024-10-08 17:58:11'),(142,'xionglian','222.247.225.205','XX XX','Chrome 12','Windows 10','0','登录成功','2024-10-08 17:58:17'),(143,'xionglian','222.247.225.205','XX XX','Chrome 12','Windows 10','0','退出成功','2024-10-08 17:58:34'),(144,'hefeng','222.247.225.43','XX XX','Chrome 11','Windows 10','0','登录成功','2024-10-08 18:40:33'),(145,'hefeng','222.247.225.43','XX XX','Chrome 11','Windows 10','0','退出成功','2024-10-08 18:41:46'),(146,'lihanwen','222.247.225.43','XX XX','Chrome 11','Windows 10','0','注册成功','2024-10-08 19:03:49'),(147,'xionglian','222.247.225.205','XX XX','Chrome 12','Windows 10','0','登录成功','2024-10-08 19:05:44'),(148,'wangwei','222.247.225.43','XX XX','Chrome 11','Windows 10','0','注册成功','2024-10-08 19:06:05'),(149,'herenqi','222.247.225.43','XX XX','Chrome 11','Windows 10','0','注册成功','2024-10-08 19:07:53'),(150,'hefeng','222.247.225.43','XX XX','Chrome 11','Windows 10','0','登录成功','2024-10-08 19:08:13'),(151,'xiewendong','222.247.225.43','XX XX','Chrome 11','Windows 10','0','注册成功','2024-10-08 19:10:14'),(152,'hefeng','222.247.225.43','XX XX','Chrome 11','Windows 10','0','退出成功','2024-10-08 19:10:22'),(153,'luxian','222.247.225.43','XX XX','Chrome 11','Windows 10','0','注册成功','2024-10-08 19:11:49'),(154,'hefeng','222.247.225.43','XX XX','Chrome 11','Windows 10','0','登录成功','2024-10-08 19:12:38'),(155,'hefeng','222.247.225.43','XX XX','Chrome 11','Windows 10','0','退出成功','2024-10-08 19:14:22'),(156,'hefeng','222.247.225.43','XX XX','Chrome 11','Windows 10','0','登录成功','2024-10-08 19:14:38'),(157,'zhangreixi','222.247.225.43','XX XX','Chrome 11','Windows 10','0','注册成功','2024-10-08 19:16:37'),(158,'hefeng','222.247.225.43','XX XX','Chrome 11','Windows 10','0','退出成功','2024-10-08 19:16:45'),(159,'xieyun','222.247.225.66','XX XX','Chrome 12','Windows 10','0','注册成功','2024-10-08 19:16:51'),(160,'fengjianye','222.247.225.66','XX XX','Chrome 12','Windows 10','0','注册成功','2024-10-08 19:18:30'),(161,'liutao','222.247.225.43','XX XX','Chrome 11','Windows 10','0','注册成功','2024-10-08 19:19:12'),(162,'mengchuan','222.247.225.66','XX XX','Chrome 12','Windows 10','0','注册成功','2024-10-08 19:19:43'),(163,'tangguo','222.247.225.43','XX XX','Chrome 11','Windows 10','0','注册成功','2024-10-08 19:20:30'),(164,'qianjienan','222.247.225.205','XX XX','Chrome 12','Windows 10','0','登录成功','2024-10-08 19:20:40'),(165,'zhouqingchun','222.247.225.66','XX XX','Chrome 12','Windows 10','0','注册成功','2024-10-08 19:20:58'),(166,'hefeng','222.247.225.43','XX XX','Chrome 11','Windows 10','0','登录成功','2024-10-08 19:21:21'),(167,'fangzheng','222.247.225.66','XX XX','Chrome 12','Windows 10','0','注册成功','2024-10-08 19:22:08'),(168,'jiangjiale','222.247.225.43','XX XX','Chrome 11','Windows 10','0','注册成功','2024-10-08 19:23:08'),(169,'hefeng','222.247.225.43','XX XX','Chrome 11','Windows 10','0','退出成功','2024-10-08 19:23:15'),(170,'dongzhongshu','222.247.225.66','XX XX','Chrome 12','Windows 10','0','注册成功','2024-10-08 19:23:31'),(171,'liujiaqi','222.247.225.43','XX XX','Chrome 11','Windows 10','0','注册成功','2024-10-08 19:25:14'),(172,'xiangqianyu','222.247.225.66','XX XX','Chrome 12','Windows 10','0','注册成功','2024-10-08 19:25:53'),(173,'hefeng','222.247.225.43','XX XX','Chrome 11','Windows 10','0','登录成功','2024-10-08 19:26:48'),(174,'liuchen','222.247.225.66','XX XX','Chrome 12','Windows 10','0','注册成功','2024-10-08 19:27:00'),(175,'yuningbo','222.247.225.43','XX XX','Chrome 11','Windows 10','0','注册成功','2024-10-08 19:29:27'),(176,'hefeng','222.247.225.43','XX XX','Chrome 11','Windows 10','0','退出成功','2024-10-08 19:29:32'),(177,'zhangmin','222.247.225.66','XX XX','Chrome 12','Windows 10','0','注册成功','2024-10-08 19:29:39'),(178,'qianjienan','222.247.225.205','XX XX','Chrome 12','Windows 10','0','退出成功','2024-10-08 19:30:14'),(179,'jiangjilin','222.247.225.66','XX XX','Chrome 12','Windows 10','0','注册成功','2024-10-08 19:31:02'),(180,'test','222.247.225.205','XX XX','Chrome 12','Windows 10','0','登录成功','2024-10-08 19:31:12'),(181,'yujinhong','222.247.225.43','XX XX','Chrome 11','Windows 10','0','注册成功','2024-10-08 19:31:13'),(182,'wangcan','222.247.225.66','XX XX','Chrome 12','Windows 10','0','注册成功','2024-10-08 19:31:50'),(183,'lijiaqi','222.247.225.43','XX XX','Chrome 11','Windows 10','0','注册成功','2024-10-08 19:32:49'),(184,'luoyin','222.247.225.66','XX XX','Chrome 12','Windows 10','0','注册成功','2024-10-08 19:34:08'),(185,'zhangqingshui','222.247.225.66','XX XX','Chrome 12','Windows 10','0','注册成功','2024-10-08 19:35:05'),(186,'penglijuan','222.247.225.43','XX XX','Chrome 11','Windows 10','0','注册成功','2024-10-08 19:35:17'),(187,'hefeng','222.247.225.43','XX XX','Chrome 11','Windows 10','0','登录成功','2024-10-08 19:35:25'),(188,'test','222.247.225.205','XX XX','Chrome 12','Windows 10','0','退出成功','2024-10-08 19:35:59'),(189,'test2','222.247.225.205','XX XX','Chrome 12','Windows 10','0','登录成功','2024-10-08 19:36:02'),(190,'yaosuiyu','222.247.225.66','XX XX','Chrome 12','Windows 10','0','注册成功','2024-10-08 19:36:24'),(191,'linyu','222.247.225.66','XX XX','Chrome 12','Windows 10','0','注册成功','2024-10-08 19:37:49'),(192,'huangyili','222.247.225.43','XX XX','Chrome 11','Windows 10','0','注册成功','2024-10-08 19:37:56'),(193,'hefeng','222.247.225.43','XX XX','Chrome 11','Windows 10','0','退出成功','2024-10-08 19:38:02'),(194,'zhouhao','222.247.225.66','XX XX','Chrome 12','Windows 10','0','注册成功','2024-10-08 19:38:40'),(195,'heyaoxian','222.247.225.43','XX XX','Chrome 11','Windows 10','0','注册成功','2024-10-08 19:40:08'),(196,'wuhui','222.247.225.66','XX XX','Chrome 12','Windows 10','0','注册成功','2024-10-08 19:40:15'),(197,'hefeng','222.247.225.43','XX XX','Chrome 11','Windows 10','0','登录成功','2024-10-08 19:41:03'),(198,'liuyejiang','222.247.225.66','XX XX','Chrome 12','Windows 10','0','注册成功','2024-10-08 19:41:28'),(199,'likangxin','222.247.225.43','XX XX','Chrome 11','Windows 10','0','注册成功','2024-10-08 19:42:06'),(200,'hefeng','222.247.225.43','XX XX','Chrome 11','Windows 10','0','退出成功','2024-10-08 19:42:10'),(201,'liuzhi','222.247.225.66','XX XX','Chrome 12','Windows 10','0','注册成功','2024-10-08 19:42:47'),(202,'wangfeng','222.247.225.66','XX XX','Chrome 12','Windows 10','0','注册成功','2024-10-08 19:44:11'),(203,'daijinlin','222.247.225.43','XX XX','Chrome 11','Windows 10','0','注册成功','2024-10-08 19:44:32'),(204,'xiehaile','222.247.225.43','XX XX','Chrome 11','Windows 10','0','注册成功','2024-10-08 19:45:53'),(205,'liqingshui','222.247.225.66','XX XX','Chrome 12','Windows 10','0','注册成功','2024-10-08 19:47:26'),(206,'lixiaohai','222.247.225.43','XX XX','Chrome 11','Windows 10','0','注册成功','2024-10-08 19:47:45'),(207,'biansheng','222.247.225.66','XX XX','Chrome 12','Windows 10','0','注册成功','2024-10-08 19:48:12'),(208,'jiangxiaohao','222.247.225.43','XX XX','Chrome 11','Windows 10','0','注册成功','2024-10-08 19:49:28'),(209,'hefeng','222.247.225.43','XX XX','Chrome 11','Windows 10','0','登录成功','2024-10-08 19:49:43'),(210,'chennian','222.247.225.66','XX XX','Chrome 12','Windows 10','0','注册成功','2024-10-08 19:49:44'),(211,'lichenggang','222.247.225.43','XX XX','Chrome 11','Windows 10','0','注册成功','2024-10-08 19:51:38'),(212,'hefeng','222.247.225.43','XX XX','Chrome 11','Windows 10','0','退出成功','2024-10-08 19:51:43'),(213,'zhoushu','222.247.225.66','XX XX','Chrome 12','Windows 10','0','注册成功','2024-10-08 19:52:00'),(214,'zhangyao','222.247.225.43','XX XX','Chrome 11','Windows 10','0','注册成功','2024-10-08 19:53:31'),(215,'jiaping','222.247.225.66','XX XX','Chrome 12','Windows 10','0','注册成功','2024-10-08 19:53:36'),(216,'xujianfeng','222.247.225.66','XX XX','Chrome 12','Windows 10','0','注册成功','2024-10-08 19:54:29'),(217,'luoxiang','222.247.225.43','XX XX','Chrome 11','Windows 10','0','注册成功','2024-10-08 19:54:39'),(218,'daitu','222.247.225.66','XX XX','Chrome 12','Windows 10','0','注册成功','2024-10-08 19:56:02'),(219,'test','222.247.225.66','XX XX','Chrome 12','Windows 10','0','登录成功','2024-10-08 19:56:26'),(220,'huangyujie','222.247.225.43','XX XX','Chrome 11','Windows 10','0','注册成功','2024-10-08 19:56:31'),(221,'test','222.247.225.66','XX XX','Chrome 12','Windows 10','0','退出成功','2024-10-08 19:57:28'),(222,'dengyuang','222.247.225.43','XX XX','Chrome 11','Windows 10','0','注册成功','2024-10-08 19:58:25'),(223,'zhouyu','222.247.225.66','XX XX','Chrome 12','Windows 10','0','注册成功','2024-10-08 19:58:29'),(224,'liyifan','222.247.225.43','XX XX','Chrome 11','Windows 10','0','注册成功','2024-10-08 20:00:24'),(225,'test','222.247.225.66','XX XX','Chrome 12','Windows 10','0','登录成功','2024-10-08 20:00:32'),(226,'test','222.247.225.66','XX XX','Chrome 12','Windows 10','0','退出成功','2024-10-08 20:01:34'),(227,'zhnagjie','222.247.225.43','XX XX','Chrome 11','Windows 10','0','注册成功','2024-10-08 20:02:09'),(228,'maziping','222.247.225.43','XX XX','Chrome 11','Windows 10','0','注册成功','2024-10-08 20:03:32'),(229,'hefeng','222.247.225.43','XX XX','Chrome 11','Windows 10','0','登录成功','2024-10-08 20:15:33'),(230,'test2','222.247.225.205','XX XX','Chrome 12','Windows 10','0','登录成功','2024-10-08 20:16:34'),(231,'qianxueseng','222.247.225.43','XX XX','Chrome 11','Windows 10','0','注册成功','2024-10-08 20:17:27'),(232,'test2','222.247.225.205','XX XX','Chrome 12','Windows 10','0','退出成功','2024-10-08 20:17:28'),(233,'hefeng','222.247.225.43','XX XX','Chrome 11','Windows 10','0','退出成功','2024-10-08 20:17:33'),(234,'qianjienan','222.247.225.205','XX XX','Chrome 12','Windows 10','0','登录成功','2024-10-08 20:17:34'),(235,'qianjienan','222.247.225.205','XX XX','Chrome 12','Windows 10','0','退出成功','2024-10-08 20:18:23'),(236,'test2','222.247.225.205','XX XX','Chrome 12','Windows 10','0','登录成功','2024-10-08 20:18:31'),(237,'jiangchao','222.247.225.43','XX XX','Chrome 11','Windows 10','0','注册成功','2024-10-08 20:19:05'),(238,'test2','222.247.225.205','XX XX','Chrome 12','Windows 10','0','退出成功','2024-10-08 20:31:53'),(239,'admin','222.247.225.205','XX XX','Chrome 12','Windows 10','1','用户不存在/密码错误','2024-10-08 20:31:58'),(240,'test','222.247.225.205','XX XX','Chrome 12','Windows 10','1','用户不存在/密码错误','2024-10-08 20:33:30'),(241,'test2','222.247.225.205','XX XX','Chrome 12','Windows 10','1','用户不存在/密码错误','2024-10-08 20:33:33'),(242,'test2','222.247.225.205','XX XX','Chrome 12','Windows 10','0','登录成功','2024-10-08 20:33:37'),(243,'tangjiafeng','222.247.225.43','XX XX','Chrome 11','Windows 10','0','注册成功','2024-10-08 20:50:14'),(244,'tanjuanjuan','222.247.225.43','XX XX','Chrome 11','Windows 10','0','注册成功','2024-10-08 20:51:42'),(245,'zhaoyuxin','222.247.225.43','XX XX','Chrome 11','Windows 10','0','注册成功','2024-10-08 20:54:06'),(246,'huanghan','222.247.225.43','XX XX','Chrome 11','Windows 10','0','注册成功','2024-10-08 20:55:26'),(247,'huangjinxing','222.247.225.43','XX XX','Chrome 11','Windows 10','0','注册成功','2024-10-08 20:57:16'),(248,'lijunyang','222.247.225.43','XX XX','Chrome 11','Windows 10','0','注册成功','2024-10-08 20:59:26'),(249,'hefeng','222.247.225.43','XX XX','Chrome 11','Windows 10','0','登录成功','2024-10-08 20:59:42'),(250,'zhouyuesheng','222.247.225.43','XX XX','Chrome 11','Windows 10','0','注册成功','2024-10-08 21:01:49'),(251,'hefeng','222.247.225.43','XX XX','Chrome 11','Windows 10','0','退出成功','2024-10-08 21:01:54'),(252,'sunxiaoyang','222.247.225.43','XX XX','Chrome 11','Windows 10','0','注册成功','2024-10-08 21:04:14'),(253,'yuanhongsheng','222.247.225.43','XX XX','Chrome 11','Windows 10','0','注册成功','2024-10-08 21:05:16'),(254,'zhongbin','222.247.225.43','XX XX','Chrome 11','Windows 10','0','注册成功','2024-10-08 21:06:37'),(255,'hezida','222.247.225.43','XX XX','Chrome 11','Windows 10','0','注册成功','2024-10-08 21:09:29'),(256,'test2','222.247.225.205','XX XX','Chrome 12','Windows 10','0','退出成功','2024-10-08 21:10:01'),(257,'test','222.247.225.205','XX XX','Chrome 12','Windows 10','0','登录成功','2024-10-08 21:10:27'),(258,'test','222.247.225.205','XX XX','Chrome 12','Windows 10','0','退出成功','2024-10-08 21:10:36'),(259,'qianjienan','222.247.225.205','XX XX','Chrome 12','Windows 10','0','登录成功','2024-10-08 21:10:40'),(260,'qianjienan','222.247.225.205','XX XX','Chrome 12','Windows 10','0','登录成功','2024-10-08 21:11:10'),(261,'zhouxiangyi','222.247.225.43','XX XX','Chrome 11','Windows 10','0','注册成功','2024-10-08 21:12:01'),(262,'lizhixiong','222.247.225.43','XX XX','Chrome 11','Windows 10','0','注册成功','2024-10-08 21:16:11'),(263,'hefeng','222.247.225.43','XX XX','Chrome 11','Windows 10','0','登录成功','2024-10-08 21:16:23'),(264,'lilinli','222.247.225.205','XX XX','Chrome 12','Windows 10','0','注册成功','2024-10-08 21:18:06'),(265,'qianjienan','222.247.225.205','XX XX','Chrome 12','Windows 10','0','退出成功','2024-10-08 21:18:16'),(266,'hongshnagtao','222.247.225.43','XX XX','Chrome 11','Windows 10','0','注册成功','2024-10-08 21:18:54'),(267,'hefeng','222.247.225.43','XX XX','Chrome 11','Windows 10','0','退出成功','2024-10-08 21:19:00'),(268,'lvzejiong','222.247.225.43','XX XX','Chrome 11','Windows 10','0','注册成功','2024-10-08 21:20:34'),(269,'xujiani','222.247.225.43','XX XX','Chrome 11','Windows 10','0','注册成功','2024-10-08 21:22:02'),(270,'guohancheng','222.247.225.205','XX XX','Chrome 12','Windows 10','0','注册成功','2024-10-08 21:22:18'),(271,'guoting','222.247.225.205','XX XX','Chrome 12','Windows 10','0','注册成功','2024-10-08 21:23:23'),(272,'qianjienan','222.247.225.205','XX XX','Chrome 12','Windows 10','0','登录成功','2024-10-08 21:23:35'),(273,'qianjienan','222.247.225.205','XX XX','Chrome 12','Windows 10','0','退出成功','2024-10-08 21:24:23'),(274,'songyijie','222.247.225.43','XX XX','Chrome 11','Windows 10','0','注册成功','2024-10-08 21:26:01'),(275,'xusheng','222.247.225.43','XX XX','Chrome 11','Windows 10','0','注册成功','2024-10-08 21:30:10'),(276,'zhangqing','222.247.225.43','XX XX','Chrome 11','Windows 10','0','注册成功','2024-10-08 21:31:00'),(277,'zhouxueting','222.247.225.205','XX XX','Chrome 12','Windows 10','0','注册成功','2024-10-08 21:32:28'),(278,'duanjing','222.247.225.205','XX XX','Chrome 12','Windows 10','0','注册成功','2024-10-08 21:33:08'),(279,'zhangzhiwu','222.247.225.205','XX XX','Chrome 12','Windows 10','0','注册成功','2024-10-08 21:33:54'),(280,'zhangxiangyang','222.247.225.205','XX XX','Chrome 12','Windows 10','0','注册成功','2024-10-08 21:34:49'),(281,'liuxiaohui','222.247.225.205','XX XX','Chrome 12','Windows 10','0','注册成功','2024-10-08 21:35:48'),(282,'qianjienan','222.247.225.205','XX XX','Chrome 12','Windows 10','0','登录成功','2024-10-08 21:35:52'),(283,'qianjienan','222.247.225.205','XX XX','Chrome 12','Windows 10','0','退出成功','2024-10-08 21:36:19'),(284,'huwei','222.247.225.205','XX XX','Chrome 12','Windows 10','0','注册成功','2024-10-08 21:37:21'),(285,'xionglian','222.247.225.66','XX XX','Chrome 12','Windows 10','0','登录成功','2024-10-08 21:37:24'),(286,'fangfang','222.247.225.205','XX XX','Chrome 12','Windows 10','0','注册成功','2024-10-08 21:38:38'),(287,'qianjienan','222.247.225.205','XX XX','Chrome 12','Windows 10','0','登录成功','2024-10-08 21:38:46'),(288,'liyan','222.247.225.205','XX XX','Chrome 12','Windows 10','0','注册成功','2024-10-08 21:39:43'),(289,'qianjienan','222.247.225.205','XX XX','Chrome 12','Windows 10','0','退出成功','2024-10-08 21:39:48'),(290,'yulinping','222.247.225.205','XX XX','Chrome 12','Windows 10','0','注册成功','2024-10-08 21:40:57'),(291,'yuanjie','222.247.225.205','XX XX','Chrome 12','Windows 10','0','注册成功','2024-10-08 21:43:33'),(292,'lisu','222.247.225.66','XX XX','Chrome 12','Windows 10','0','注册成功','2024-10-08 21:43:50'),(293,'xionglian','222.247.225.66','XX XX','Chrome 12','Windows 10','0','退出成功','2024-10-08 21:43:56'),(294,'quanke','222.247.225.205','XX XX','Chrome 12','Windows 10','0','注册成功','2024-10-08 21:45:07'),(295,'zhangbo','222.247.225.205','XX XX','Chrome 12','Windows 10','0','注册成功','2024-10-08 21:45:39'),(296,'test2','222.247.225.205','XX XX','Chrome 12','Windows 10','0','登录成功','2024-10-08 21:45:44'),(297,'duyu','222.247.225.66','XX XX','Chrome 12','Windows 10','0','注册成功','2024-10-08 21:46:25'),(298,'test2','222.247.225.205','XX XX','Chrome 12','Windows 10','0','退出成功','2024-10-08 21:46:36'),(299,'test2','222.247.225.205','XX XX','Chrome 12','Windows 10','0','登录成功','2024-10-08 21:46:42'),(300,'test2','222.247.225.205','XX XX','Chrome 12','Windows 10','0','退出成功','2024-10-08 21:46:59'),(301,'qianjienan','222.247.225.205','XX XX','Chrome 12','Windows 10','0','登录成功','2024-10-08 21:47:03'),(302,'zhongyan','222.247.225.66','XX XX','Chrome 12','Windows 10','0','注册成功','2024-10-08 21:47:12'),(303,'yangzhi','222.247.225.66','XX XX','Chrome 12','Windows 10','0','注册成功','2024-10-08 21:47:47'),(304,'yuran','222.247.225.205','XX XX','Chrome 12','Windows 10','0','注册成功','2024-10-08 21:47:58'),(305,'qianjienan','222.247.225.205','XX XX','Chrome 12','Windows 10','0','退出成功','2024-10-08 21:48:10'),(306,'xuchao','222.247.225.205','XX XX','Chrome 12','Windows 10','0','注册成功','2024-10-08 21:48:45'),(307,'liubian','222.247.225.66','XX XX','Chrome 12','Windows 10','0','注册成功','2024-10-08 21:49:20'),(308,'zhangrui','222.247.225.205','XX XX','Chrome 12','Windows 10','0','注册成功','2024-10-08 21:49:31'),(309,'wusuxi','222.247.225.205','XX XX','Chrome 12','Windows 10','0','注册成功','2024-10-08 21:50:11'),(310,'weiyang','222.247.225.66','XX XX','Chrome 12','Windows 10','0','注册成功','2024-10-08 21:50:24'),(311,'caozhong','222.247.225.205','XX XX','Chrome 12','Windows 10','0','注册成功','2024-10-08 21:51:04'),(312,'qianjienan','222.247.225.205','XX XX','Chrome 12','Windows 10','0','登录成功','2024-10-08 21:51:11'),(313,'chengyu','222.247.225.66','XX XX','Chrome 12','Windows 10','0','注册成功','2024-10-08 21:51:11'),(314,'qianjienan','222.247.225.205','XX XX','Chrome 12','Windows 10','0','退出成功','2024-10-08 21:51:17'),(315,'test','222.247.225.205','XX XX','Chrome 12','Windows 10','0','登录成功','2024-10-08 21:51:21'),(316,'sunhe','222.247.225.66','XX XX','Chrome 12','Windows 10','0','注册成功','2024-10-08 21:52:02'),(317,'dengzhi','222.247.225.66','XX XX','Chrome 12','Windows 10','0','注册成功','2024-10-08 21:53:57'),(318,'lukai','222.247.225.66','XX XX','Chrome 12','Windows 10','0','注册成功','2024-10-08 21:55:03'),(319,'xionglian','222.247.225.66','XX XX','Chrome 12','Windows 10','0','登录成功','2024-10-08 21:56:26'),(320,'xionglian','222.247.225.66','XX XX','Chrome 12','Windows 10','0','退出成功','2024-10-08 21:56:50'),(321,'kanchen','222.247.225.66','XX XX','Chrome 12','Windows 10','0','注册成功','2024-10-08 22:04:18'),(322,'lvjun','222.247.225.66','XX XX','Chrome 12','Windows 10','0','注册成功','2024-10-08 22:05:02'),(323,'lvbo','222.247.225.66','XX XX','Chrome 12','Windows 10','0','注册成功','2024-10-08 22:06:09'),(324,'yangyi','222.247.225.66','XX XX','Chrome 12','Windows 10','0','注册成功','2024-10-08 22:07:02'),(325,'caoxi','222.247.225.66','XX XX','Chrome 12','Windows 10','0','注册成功','2024-10-08 22:07:54'),(326,'guotu','222.247.225.66','XX XX','Chrome 12','Windows 10','0','注册成功','2024-10-08 22:09:09'),(327,'sunhong','222.247.225.66','XX XX','Chrome 12','Windows 10','0','注册成功','2024-10-08 22:09:43'),(328,'mahui','222.247.225.66','XX XX','Chrome 12','Windows 10','0','注册成功','2024-10-08 22:10:35'),(329,'yifeng','222.247.225.66','XX XX','Chrome 12','Windows 10','0','注册成功','2024-10-08 22:11:16'),(330,'xinqi','222.247.225.66','XX XX','Chrome 12','Windows 10','0','注册成功','2024-10-08 22:12:09'),(331,'test','222.247.225.66','XX XX','Chrome 12','Windows 10','0','登录成功','2024-10-08 22:12:26'),(332,'test','222.247.225.66','XX XX','Chrome 12','Windows 10','0','退出成功','2024-10-08 22:12:48'),(333,'xionglian','222.247.225.66','XX XX','Chrome 12','Windows 10','0','登录成功','2024-10-08 22:12:56'),(334,'shenqi','222.247.225.66','XX XX','Chrome 12','Windows 10','0','注册成功','2024-10-08 22:14:27'),(335,'xionglian','222.247.225.66','XX XX','Chrome 12','Windows 10','0','退出成功','2024-10-08 22:14:32'),(336,'gaoshun','222.247.225.66','XX XX','Chrome 12','Windows 10','0','注册成功','2024-10-08 22:18:00'),(337,'guohuai','222.247.225.66','XX XX','Chrome 12','Windows 10','0','注册成功','2024-10-08 22:19:11'),(338,'guancang','222.247.225.66','XX XX','Chrome 12','Windows 10','0','注册成功','2024-10-08 22:19:55'),(339,'xionglian','222.247.225.66','XX XX','Chrome 12','Windows 10','0','登录成功','2024-10-08 22:20:03'),(340,'xionglian','222.247.225.66','XX XX','Chrome 12','Windows 10','0','退出成功','2024-10-08 22:20:13'),(341,'test','222.247.225.66','XX XX','Chrome 12','Windows 10','0','登录成功','2024-10-08 22:20:18'),(342,'test','222.247.225.66','XX XX','Chrome 12','Windows 10','0','退出成功','2024-10-08 22:20:36'),(343,'chenqun','222.247.225.66','XX XX','Chrome 12','Windows 10','0','注册成功','2024-10-08 22:21:09'),(344,'guquan','222.247.225.66','XX XX','Chrome 12','Windows 10','0','注册成功','2024-10-08 22:21:46'),(345,'studentTest','183.129.178.123','XX XX','Chrome 12','Windows 10','0','登录成功','2024-10-13 18:11:27'),(346,'admin','127.0.0.1','内网IP','Chrome 12','Windows 10','0','登录成功','2024-10-15 20:17:42'),(347,'admin','127.0.0.1','内网IP','Chrome 12','Windows 10','0','退出成功','2024-10-15 20:17:48'),(348,'studentTest','127.0.0.1','内网IP','Chrome 12','Windows 10','0','登录成功','2024-10-15 20:17:59'),(349,'studentTest','127.0.0.1','内网IP','Chrome 12','Windows 10','0','登录成功','2024-10-15 20:38:28'),(350,'studentTest','127.0.0.1','内网IP','Chrome 12','Windows 10','0','退出成功','2024-10-15 20:44:18'),(351,'admin','127.0.0.1','内网IP','Chrome 12','Windows 10','0','登录成功','2024-10-15 20:44:26'),(352,'test','222.247.225.205','XX XX','Chrome 12','Windows 10','0','登录成功','2024-10-15 21:23:53'),(353,'studentTest','127.0.0.1','内网IP','Chrome 12','Windows 10','0','登录成功','2024-10-15 22:05:21'),(354,'studentTest','127.0.0.1','内网IP','Chrome 12','Windows 10','0','登录成功','2024-10-15 22:18:15'),(355,'studentTest','127.0.0.1','内网IP','Chrome 12','Windows 10','0','登录成功','2024-10-16 00:17:02'),(356,'studentTest','127.0.0.1','内网IP','Chrome 12','Windows 10','0','登录成功','2024-10-16 10:17:48'),(357,'studentTest','127.0.0.1','内网IP','Chrome 12','Windows 10','0','登录成功','2024-10-16 10:30:52'),(358,'test','222.247.225.205','XX XX','Chrome 12','Windows 10','0','登录成功','2024-10-16 16:17:54'),(359,'test','222.247.225.205','XX XX','Chrome 12','Windows 10','0','登录成功','2024-10-16 17:00:03'),(360,'test','222.247.225.205','XX XX','Chrome 12','Windows 10','0','登录成功','2024-10-16 18:50:28'),(361,'test2','223.153.225.92','XX XX','Mobile Safari','Mac OS X (iPhone)','0','登录成功','2024-10-17 13:52:37'),(362,'test','222.247.225.205','XX XX','Chrome 12','Windows 10','0','登录成功','2024-10-17 18:24:12'),(363,'test','222.247.225.205','XX XX','Chrome 12','Windows 10','0','退出成功','2024-10-17 18:24:25'),(364,'qianjienan','222.247.225.205','XX XX','Chrome 12','Windows 10','0','登录成功','2024-10-17 18:24:30'),(365,'qianjienan','222.247.225.205','XX XX','Chrome 12','Windows 10','0','登录成功','2024-10-17 18:59:00'),(366,'studentTest','127.0.0.1','内网IP','Chrome 12','Windows 10','1','用户不存在/密码错误','2024-10-17 19:41:56'),(367,'studentTest','127.0.0.1','内网IP','Chrome 12','Windows 10','0','登录成功','2024-10-17 19:42:01'),(368,'qianjienan','222.247.225.205','XX XX','Chrome 12','Windows 10','0','登录成功','2024-10-17 20:15:44'),(369,'studentTest','127.0.0.1','内网IP','Chrome 12','Windows 10','0','登录成功','2024-10-17 20:22:32'),(370,'studentTest','127.0.0.1','内网IP','Chrome 12','Windows 10','0','登录成功','2024-10-17 20:29:41'),(371,'qianjienan','222.247.225.205','XX XX','Chrome 12','Windows 10','0','登录成功','2024-10-17 20:34:17'),(372,'test','222.247.225.66','XX XX','Chrome 12','Windows 10','0','登录成功','2024-10-17 20:43:40'),(373,'qianjienan','222.247.225.205','XX XX','Chrome 12','Windows 10','0','登录成功','2024-10-17 21:33:17'),(374,'qianjienan','222.247.225.205','XX XX','Chrome 12','Windows 10','0','退出成功','2024-10-17 21:33:38'),(375,'test','222.247.225.205','XX XX','Chrome 12','Windows 10','0','登录成功','2024-10-17 21:33:43'),(376,'studentTest','127.0.0.1','内网IP','Chrome 12','Windows 10','0','登录成功','2024-10-17 22:02:19'),(377,'studentTest','127.0.0.1','内网IP','Chrome 12','Windows 10','0','登录成功','2024-10-18 08:54:12'),(378,'test','222.247.225.205','XX XX','Chrome 12','Windows 10','0','登录成功','2024-10-18 14:22:35'),(379,'test','222.247.225.205','XX XX','Chrome 12','Windows 10','0','退出成功','2024-10-18 14:22:55'),(380,'qianjienan','222.247.225.205','XX XX','Chrome 12','Windows 10','0','登录成功','2024-10-18 14:23:01'),(381,'test','222.247.225.66','XX XX','Chrome 12','Windows 10','0','登录成功','2024-10-18 14:29:19'),(382,'admin','45.67.200.120','XX XX','Chrome 13','Windows 10','0','登录成功','2024-10-18 16:06:36');
/*!40000 ALTER TABLE `sys_logininfor` ENABLE KEYS */;
UNLOCK TABLES;

--
-- Table structure for table `sys_menu`
--

DROP TABLE IF EXISTS `sys_menu`;
/*!40101 SET @saved_cs_client     = @@character_set_client */;
/*!50503 SET character_set_client = utf8mb4 */;
CREATE TABLE `sys_menu` (
  `menu_id` bigint NOT NULL AUTO_INCREMENT COMMENT '菜单ID',
  `menu_name` varchar(50) NOT NULL COMMENT '菜单名称',
  `parent_id` bigint DEFAULT '0' COMMENT '父菜单ID',
  `order_num` int DEFAULT '0' COMMENT '显示顺序',
  `path` varchar(200) DEFAULT '' COMMENT '路由地址',
  `component` varchar(255) DEFAULT NULL COMMENT '组件路径',
  `query` varchar(255) DEFAULT NULL COMMENT '路由参数',
  `route_name` varchar(50) DEFAULT '' COMMENT '路由名称',
  `is_frame` int DEFAULT '1' COMMENT '是否为外链（0是 1否）',
  `is_cache` int DEFAULT '0' COMMENT '是否缓存（0缓存 1不缓存）',
  `menu_type` char(1) DEFAULT '' COMMENT '菜单类型（M目录 C菜单 F按钮）',
  `visible` char(1) DEFAULT '0' COMMENT '菜单状态（0显示 1隐藏）',
  `status` char(1) DEFAULT '0' COMMENT '菜单状态（0正常 1停用）',
  `perms` varchar(100) DEFAULT NULL COMMENT '权限标识',
  `icon` varchar(100) DEFAULT '#' COMMENT '菜单图标',
  `create_by` varchar(64) DEFAULT '' COMMENT '创建者',
  `create_time` datetime DEFAULT NULL COMMENT '创建时间',
  `update_by` varchar(64) DEFAULT '' COMMENT '更新者',
  `update_time` datetime DEFAULT NULL COMMENT '更新时间',
  `remark` varchar(500) DEFAULT '' COMMENT '备注',
  PRIMARY KEY (`menu_id`)
) ENGINE=InnoDB AUTO_INCREMENT=127 DEFAULT CHARSET=utf8mb4 COLLATE=utf8mb4_0900_ai_ci COMMENT='菜单权限表';
/*!40101 SET character_set_client = @saved_cs_client */;

--
-- Dumping data for table `sys_menu`
--

LOCK TABLES `sys_menu` WRITE;
/*!40000 ALTER TABLE `sys_menu` DISABLE KEYS */;
INSERT INTO `sys_menu` VALUES (1,'系统管理',0,1,'system',NULL,'','',1,0,'M','0','0','','system','admin','2024-09-22 14:24:38','',NULL,'系统管理目录'),(2,'系统监控',0,2,'monitor',NULL,'','',1,0,'M','0','0','','monitor','admin','2024-09-22 14:24:38','',NULL,'系统监控目录'),(3,'系统工具',0,3,'tool',NULL,'','',1,0,'M','0','0','','tool','admin','2024-09-22 14:24:38','',NULL,'系统工具目录'),(4,'若依官网',0,4,'http://ruoyi.vip',NULL,'','',0,0,'M','0','0','','guide','admin','2024-09-22 14:24:38','',NULL,'若依官网地址'),(100,'用户管理',1,1,'user','system/user/index','','',1,0,'C','0','0','system:user:list','user','admin','2024-09-22 14:24:38','',NULL,'用户管理菜单'),(101,'角色管理',1,2,'role','system/role/index','','',1,0,'C','0','0','system:role:list','peoples','admin','2024-09-22 14:24:38','',NULL,'角色管理菜单'),(102,'菜单管理',1,3,'menu','system/menu/index','','',1,0,'C','0','0','system:menu:list','tree-table','admin','2024-09-22 14:24:38','',NULL,'菜单管理菜单'),(103,'部门管理',1,4,'dept','system/dept/index','','',1,0,'C','0','0','system:dept:list','tree','admin','2024-09-22 14:24:38','',NULL,'部门管理菜单'),(104,'岗位管理',1,5,'post','system/post/index','','',1,0,'C','0','0','system:post:list','post','admin','2024-09-22 14:24:38','',NULL,'岗位管理菜单'),(105,'字典管理',1,6,'dict','system/dict/index','','',1,0,'C','0','0','system:dict:list','dict','admin','2024-09-22 14:24:38','',NULL,'字典管理菜单'),(106,'活动管理',0,5,'activity',NULL,NULL,'',1,0,'M','0','0','','build','admin','2024-10-07 13:48:31','admin','2024-10-07 14:54:39',''),(107,'当前活动',106,1,'currentActivity','doubleSelection/currentActivity/index',NULL,'',1,0,'C','0','0','doubleSelection:currentActivity:list','clipboard','admin','2024-10-07 13:57:41','',NULL,''),(108,'活动查询',106,2,'activityList','doubleSelection/activityList/index',NULL,'',1,0,'C','0','0','doubleSelection:activityList:list','cascader','admin','2024-10-07 14:01:15','',NULL,''),(109,'新增活动',108,1,'',NULL,NULL,'',1,0,'F','0','0','doubleSelection:activity:add','#','admin','2024-10-07 14:11:38','',NULL,''),(110,'个人信息',0,5,'userInfo','doubleSelection/userInfo/index',NULL,'',1,0,'C','0','0','doubleSelection:userInfo:list','cascader','admin','2024-10-07 14:13:20','',NULL,''),(111,'导师管理',0,1,'mentor',NULL,NULL,'',1,0,'M','0','0','','peoples','admin','2024-10-07 14:19:07','admin','2024-10-07 16:25:33',''),(112,'导师列表',111,1,'mentor','doubleSelection/mentor/index',NULL,'',1,0,'C','0','0','doubleSelection:mentor:list','list','admin','2024-10-07 14:21:24','admin','2024-10-07 16:28:56',''),(113,'新增',112,1,'',NULL,NULL,'',1,0,'F','0','0','doubleSelection:mentor:add','component','admin','2024-10-07 14:24:24','',NULL,''),(114,'导出',112,2,'',NULL,NULL,'',1,0,'F','0','0','doubleSelection:mentor:export','#','admin','2024-10-07 14:26:22','',NULL,''),(115,'修改',112,3,'',NULL,NULL,'',1,0,'F','0','0','doubleSelection:mentor:edit','#','admin','2024-10-07 14:26:47','',NULL,''),(116,'删除',112,4,'',NULL,NULL,'',1,0,'F','0','0','doubleSelection:mentor:remove','#','admin','2024-10-07 14:27:47','',NULL,''),(117,'导师推荐',111,2,'mentorRecommended','doubleSelection/mentorRecommended/index',NULL,'',1,0,'C','0','0','doubleSelection:mentorRecommended:list','job','admin','2024-10-07 14:31:20','admin','2024-10-07 16:27:33',''),(118,'双选结果',111,3,'mentorResult','doubleSelection/mentorResult/index',NULL,'',1,0,'C','0','0','doubleSelection:mentorResult:list','component','admin','2024-10-07 14:35:02','',NULL,''),(119,'学生管理',0,3,'student',NULL,NULL,'',1,0,'M','0','0','','education','admin','2024-10-07 14:36:46','admin','2024-10-07 16:29:37',''),(120,'学生列表',119,1,'student','doubleSelection/student/index',NULL,'',1,0,'C','0','0','doubleSelection:student:list','list','admin','2024-10-07 14:38:21','admin','2024-10-07 16:29:50',''),(121,'新增',120,1,'',NULL,NULL,'',1,0,'F','0','0','doubleSelection:student:add','#','admin','2024-10-07 14:39:01','',NULL,''),(122,'删除',120,2,'',NULL,NULL,'',1,0,'F','0','0','doubleSelection:student:remove','#','admin','2024-10-07 14:40:06','',NULL,''),(123,'修改',120,3,'',NULL,NULL,'',1,0,'F','0','0','doubleSelection:student:edit','#','admin','2024-10-07 14:40:26','',NULL,''),(124,'导出',120,4,'',NULL,NULL,'',1,0,'F','0','0','doubleSelection:student:export','#','admin','2024-10-07 14:40:47','',NULL,''),(125,'申请处理',119,2,'requestHandle','doubleSelection/requestHandle/index',NULL,'',1,0,'C','0','0','doubleSelection:requestHandle:list','code','admin','2024-10-07 14:43:30','',NULL,''),(126,'双选结果',119,3,'studentResult','doubleSelection/studentResult/index',NULL,'',1,0,'C','0','0','doubleSelection:studentResult:list','guide','admin','2024-10-07 14:44:59','admin','2024-10-07 16:30:11','');
/*!40000 ALTER TABLE `sys_menu` ENABLE KEYS */;
UNLOCK TABLES;

--
-- Table structure for table `sys_notice`
--

DROP TABLE IF EXISTS `sys_notice`;
/*!40101 SET @saved_cs_client     = @@character_set_client */;
/*!50503 SET character_set_client = utf8mb4 */;
CREATE TABLE `sys_notice` (
  `notice_id` int NOT NULL AUTO_INCREMENT COMMENT '公告ID',
  `notice_title` varchar(50) NOT NULL COMMENT '公告标题',
  `notice_type` char(1) NOT NULL COMMENT '公告类型（1通知 2公告）',
  `notice_content` longblob COMMENT '公告内容',
  `status` char(1) DEFAULT '0' COMMENT '公告状态（0正常 1关闭）',
  `create_by` varchar(64) DEFAULT '' COMMENT '创建者',
  `create_time` datetime DEFAULT NULL COMMENT '创建时间',
  `update_by` varchar(64) DEFAULT '' COMMENT '更新者',
  `update_time` datetime DEFAULT NULL COMMENT '更新时间',
  `remark` varchar(255) DEFAULT NULL COMMENT '备注',
  PRIMARY KEY (`notice_id`)
) ENGINE=InnoDB DEFAULT CHARSET=utf8mb4 COLLATE=utf8mb4_0900_ai_ci COMMENT='通知公告表';
/*!40101 SET character_set_client = @saved_cs_client */;

--
-- Dumping data for table `sys_notice`
--

LOCK TABLES `sys_notice` WRITE;
/*!40000 ALTER TABLE `sys_notice` DISABLE KEYS */;
/*!40000 ALTER TABLE `sys_notice` ENABLE KEYS */;
UNLOCK TABLES;

--
-- Table structure for table `sys_oper_log`
--

DROP TABLE IF EXISTS `sys_oper_log`;
/*!40101 SET @saved_cs_client     = @@character_set_client */;
/*!50503 SET character_set_client = utf8mb4 */;
CREATE TABLE `sys_oper_log` (
  `oper_id` bigint NOT NULL AUTO_INCREMENT COMMENT '日志主键',
  `title` varchar(50) DEFAULT '' COMMENT '模块标题',
  `business_type` int DEFAULT '0' COMMENT '业务类型（0其它 1新增 2修改 3删除）',
  `method` varchar(200) DEFAULT '' COMMENT '方法名称',
  `request_method` varchar(10) DEFAULT '' COMMENT '请求方式',
  `operator_type` int DEFAULT '0' COMMENT '操作类别（0其它 1后台用户 2手机端用户）',
  `oper_name` varchar(50) DEFAULT '' COMMENT '操作人员',
  `dept_name` varchar(50) DEFAULT '' COMMENT '部门名称',
  `oper_url` varchar(255) DEFAULT '' COMMENT '请求URL',
  `oper_ip` varchar(128) DEFAULT '' COMMENT '主机地址',
  `oper_location` varchar(255) DEFAULT '' COMMENT '操作地点',
  `oper_param` varchar(2000) DEFAULT '' COMMENT '请求参数',
  `json_result` varchar(2000) DEFAULT '' COMMENT '返回参数',
  `status` int DEFAULT '0' COMMENT '操作状态（0正常 1异常）',
  `error_msg` varchar(2000) DEFAULT '' COMMENT '错误消息',
  `oper_time` datetime DEFAULT NULL COMMENT '操作时间',
  `cost_time` bigint DEFAULT '0' COMMENT '消耗时间',
  PRIMARY KEY (`oper_id`),
  KEY `idx_sys_oper_log_bt` (`business_type`),
  KEY `idx_sys_oper_log_ot` (`oper_time`),
  KEY `idx_sys_oper_log_s` (`status`)
) ENGINE=InnoDB AUTO_INCREMENT=43 DEFAULT CHARSET=utf8mb4 COLLATE=utf8mb4_0900_ai_ci COMMENT='操作日志记录';
/*!40101 SET character_set_client = @saved_cs_client */;

--
-- Dumping data for table `sys_oper_log`
--

LOCK TABLES `sys_oper_log` WRITE;
/*!40000 ALTER TABLE `sys_oper_log` DISABLE KEYS */;
INSERT INTO `sys_oper_log` VALUES (1,'角色管理',1,'com.doubleSelection.web.controller.system.SysRoleController.add()','POST',1,'admin',NULL,'/system/role','206.237.119.148','XX XX','{\"admin\":true,\"createBy\":\"admin\",\"deptCheckStrictly\":true,\"deptIds\":[],\"flag\":false,\"menuCheckStrictly\":true,\"menuIds\":[],\"params\":{},\"roleId\":1,\"roleKey\":\"mentor\",\"roleName\":\"学生\",\"roleSort\":0,\"status\":\"0\"}','{\"msg\":\"操作成功\",\"code\":200}',0,NULL,'2024-10-07 13:43:37',66),(2,'菜单管理',1,'com.doubleSelection.web.controller.system.SysMenuController.add()','POST',1,'admin',NULL,'/system/menu','206.237.119.148','XX XX','{\"children\":[],\"createBy\":\"admin\",\"icon\":\"build\",\"isCache\":\"0\",\"isFrame\":\"1\",\"menuName\":\"活动管理\",\"menuType\":\"M\",\"orderNum\":3,\"params\":{},\"parentId\":0,\"path\":\"activity\",\"status\":\"0\",\"visible\":\"0\"}','{\"msg\":\"操作成功\",\"code\":200}',0,NULL,'2024-10-07 13:48:31',54),(3,'菜单管理',2,'com.doubleSelection.web.controller.system.SysMenuController.edit()','PUT',1,'admin',NULL,'/system/menu','206.237.119.148','XX XX','{\"children\":[],\"createTime\":\"2024-10-07 13:48:31\",\"icon\":\"build\",\"isCache\":\"0\",\"isFrame\":\"1\",\"menuId\":106,\"menuName\":\"活动管理\",\"menuType\":\"M\",\"orderNum\":3,\"params\":{},\"parentId\":0,\"path\":\"activity\",\"perms\":\"\",\"routeName\":\"\",\"status\":\"0\",\"updateBy\":\"admin\",\"visible\":\"0\"}','{\"msg\":\"操作成功\",\"code\":200}',0,NULL,'2024-10-07 13:49:14',25),(4,'菜单管理',1,'com.doubleSelection.web.controller.system.SysMenuController.add()','POST',1,'admin',NULL,'/system/menu','206.237.119.148','XX XX','{\"children\":[],\"component\":\"doubleSelection/currentActivity/index\",\"createBy\":\"admin\",\"icon\":\"clipboard\",\"isCache\":\"0\",\"isFrame\":\"1\",\"menuName\":\"当前活动\",\"menuType\":\"C\",\"orderNum\":1,\"params\":{},\"parentId\":106,\"path\":\"currentActivity\",\"perms\":\"doubleSelection:currentActivity:list\",\"status\":\"0\",\"visible\":\"0\"}','{\"msg\":\"操作成功\",\"code\":200}',0,NULL,'2024-10-07 13:57:41',30),(5,'菜单管理',1,'com.doubleSelection.web.controller.system.SysMenuController.add()','POST',1,'admin',NULL,'/system/menu','206.237.119.148','XX XX','{\"children\":[],\"component\":\"doubleSelection/activityList/index\",\"createBy\":\"admin\",\"icon\":\"cascader\",\"isCache\":\"0\",\"isFrame\":\"1\",\"menuName\":\"活动查询\",\"menuType\":\"C\",\"orderNum\":2,\"params\":{},\"parentId\":106,\"path\":\"activityList\",\"perms\":\"doubleSelection:activityList:list\",\"status\":\"0\",\"visible\":\"0\"}','{\"msg\":\"操作成功\",\"code\":200}',0,NULL,'2024-10-07 14:01:15',27),(6,'菜单管理',1,'com.doubleSelection.web.controller.system.SysMenuController.add()','POST',1,'admin',NULL,'/system/menu','206.237.119.148','XX XX','{\"children\":[],\"createBy\":\"admin\",\"isCache\":\"0\",\"isFrame\":\"1\",\"menuName\":\"新增活动\",\"menuType\":\"F\",\"orderNum\":1,\"params\":{},\"parentId\":108,\"perms\":\"doubleSelection:activity:add\",\"status\":\"0\",\"visible\":\"0\"}','{\"msg\":\"操作成功\",\"code\":200}',0,NULL,'2024-10-07 14:11:38',24),(7,'菜单管理',1,'com.doubleSelection.web.controller.system.SysMenuController.add()','POST',1,'admin',NULL,'/system/menu','206.237.119.148','XX XX','{\"children\":[],\"component\":\"doubleSelection/userInfo/index\",\"createBy\":\"admin\",\"icon\":\"cascader\",\"isCache\":\"0\",\"isFrame\":\"1\",\"menuName\":\"个人信息\",\"menuType\":\"C\",\"orderNum\":5,\"params\":{},\"parentId\":0,\"path\":\"userInfo\",\"perms\":\"doubleSelection:userInfo:list\",\"status\":\"0\",\"visible\":\"0\"}','{\"msg\":\"操作成功\",\"code\":200}',0,NULL,'2024-10-07 14:13:20',29),(8,'菜单管理',1,'com.doubleSelection.web.controller.system.SysMenuController.add()','POST',1,'admin',NULL,'/system/menu','206.237.119.148','XX XX','{\"children\":[],\"createBy\":\"admin\",\"icon\":\"clipboard\",\"isCache\":\"0\",\"isFrame\":\"1\",\"menuName\":\"导师管理\",\"menuType\":\"M\",\"orderNum\":1,\"params\":{},\"parentId\":0,\"path\":\"mentor\",\"status\":\"0\",\"visible\":\"0\"}','{\"msg\":\"操作成功\",\"code\":200}',0,NULL,'2024-10-07 14:19:07',26),(9,'菜单管理',1,'com.doubleSelection.web.controller.system.SysMenuController.add()','POST',1,'admin',NULL,'/system/menu','206.237.119.148','XX XX','{\"children\":[],\"component\":\"doubleSelection/mentorList/index\",\"createBy\":\"admin\",\"icon\":\"date\",\"isCache\":\"0\",\"isFrame\":\"1\",\"menuName\":\"查询导师\",\"menuType\":\"C\",\"orderNum\":1,\"params\":{},\"parentId\":111,\"path\":\"mentorList\",\"perms\":\"doubleSelection:mentorList:list\",\"status\":\"0\",\"visible\":\"0\"}','{\"msg\":\"操作成功\",\"code\":200}',0,NULL,'2024-10-07 14:21:24',33),(10,'菜单管理',2,'com.doubleSelection.web.controller.system.SysMenuController.edit()','PUT',1,'admin',NULL,'/system/menu','206.237.119.148','XX XX','{\"children\":[],\"component\":\"doubleSelection/mentor/index\",\"createTime\":\"2024-10-07 14:21:24\",\"icon\":\"date\",\"isCache\":\"0\",\"isFrame\":\"1\",\"menuId\":112,\"menuName\":\"导师列表\",\"menuType\":\"C\",\"orderNum\":1,\"params\":{},\"parentId\":111,\"path\":\"mentor\",\"perms\":\"doubleSelection:mentor:list\",\"routeName\":\"\",\"status\":\"0\",\"updateBy\":\"admin\",\"visible\":\"0\"}','{\"msg\":\"操作成功\",\"code\":200}',0,NULL,'2024-10-07 14:22:17',26),(11,'菜单管理',1,'com.doubleSelection.web.controller.system.SysMenuController.add()','POST',1,'admin',NULL,'/system/menu','206.237.119.148','XX XX','{\"children\":[],\"createBy\":\"admin\",\"icon\":\"component\",\"isCache\":\"0\",\"isFrame\":\"1\",\"menuName\":\"新增\",\"menuType\":\"F\",\"orderNum\":1,\"params\":{},\"parentId\":112,\"perms\":\"doubleSelection:mentor:add\",\"status\":\"0\",\"visible\":\"0\"}','{\"msg\":\"操作成功\",\"code\":200}',0,NULL,'2024-10-07 14:24:24',28),(12,'菜单管理',1,'com.doubleSelection.web.controller.system.SysMenuController.add()','POST',1,'admin',NULL,'/system/menu','206.237.119.148','XX XX','{\"children\":[],\"createBy\":\"admin\",\"isCache\":\"0\",\"isFrame\":\"1\",\"menuName\":\"导出\",\"menuType\":\"F\",\"orderNum\":2,\"params\":{},\"parentId\":112,\"perms\":\"doubleSelection:mentor:export\",\"status\":\"0\",\"visible\":\"0\"}','{\"msg\":\"操作成功\",\"code\":200}',0,NULL,'2024-10-07 14:26:22',22),(13,'菜单管理',1,'com.doubleSelection.web.controller.system.SysMenuController.add()','POST',1,'admin',NULL,'/system/menu','206.237.119.148','XX XX','{\"children\":[],\"createBy\":\"admin\",\"isCache\":\"0\",\"isFrame\":\"1\",\"menuName\":\"修改\",\"menuType\":\"F\",\"orderNum\":3,\"params\":{},\"parentId\":112,\"perms\":\"doubleSelection:mentor:edit\",\"status\":\"0\",\"visible\":\"0\"}','{\"msg\":\"操作成功\",\"code\":200}',0,NULL,'2024-10-07 14:26:47',23),(14,'菜单管理',1,'com.doubleSelection.web.controller.system.SysMenuController.add()','POST',1,'admin',NULL,'/system/menu','206.237.119.148','XX XX','{\"children\":[],\"createBy\":\"admin\",\"isCache\":\"0\",\"isFrame\":\"1\",\"menuName\":\"删除\",\"menuType\":\"F\",\"orderNum\":4,\"params\":{},\"parentId\":112,\"perms\":\"doubleSelection:mentor:remove\",\"status\":\"0\",\"visible\":\"0\"}','{\"msg\":\"操作成功\",\"code\":200}',0,NULL,'2024-10-07 14:27:47',27),(15,'菜单管理',1,'com.doubleSelection.web.controller.system.SysMenuController.add()','POST',1,'admin',NULL,'/system/menu','206.237.119.148','XX XX','{\"children\":[],\"component\":\"doubleSelection/mentorRecommend/index\",\"createBy\":\"admin\",\"icon\":\"dict\",\"isCache\":\"0\",\"isFrame\":\"1\",\"menuName\":\"导师推荐\",\"menuType\":\"C\",\"orderNum\":2,\"params\":{},\"parentId\":111,\"path\":\"mentorRecommend\",\"perms\":\"doubleSelection:mentorRecommend:list\",\"status\":\"0\",\"visible\":\"0\"}','{\"msg\":\"操作成功\",\"code\":200}',0,NULL,'2024-10-07 14:31:20',22),(16,'菜单管理',2,'com.doubleSelection.web.controller.system.SysMenuController.edit()','PUT',1,'admin',NULL,'/system/menu','206.237.119.148','XX XX','{\"children\":[],\"component\":\"doubleSelection/mentorRecommended/index\",\"createTime\":\"2024-10-07 14:31:20\",\"icon\":\"dict\",\"isCache\":\"0\",\"isFrame\":\"1\",\"menuId\":117,\"menuName\":\"导师推荐\",\"menuType\":\"C\",\"orderNum\":2,\"params\":{},\"parentId\":111,\"path\":\"mentorRecommended\",\"perms\":\"doubleSelection:mentorRecommended:list\",\"routeName\":\"\",\"status\":\"0\",\"updateBy\":\"admin\",\"visible\":\"0\"}','{\"msg\":\"操作成功\",\"code\":200}',0,NULL,'2024-10-07 14:31:59',25),(17,'菜单管理',1,'com.doubleSelection.web.controller.system.SysMenuController.add()','POST',1,'admin',NULL,'/system/menu','206.237.119.148','XX XX','{\"children\":[],\"component\":\"doubleSelection/mentorResult/index\",\"createBy\":\"admin\",\"icon\":\"component\",\"isCache\":\"0\",\"isFrame\":\"1\",\"menuName\":\"双选结果\",\"menuType\":\"C\",\"orderNum\":3,\"params\":{},\"parentId\":111,\"path\":\"mentorResult\",\"perms\":\"doubleSelection:mentorResult:list\",\"status\":\"0\",\"visible\":\"0\"}','{\"msg\":\"操作成功\",\"code\":200}',0,NULL,'2024-10-07 14:35:02',28),(18,'菜单管理',1,'com.doubleSelection.web.controller.system.SysMenuController.add()','POST',1,'admin',NULL,'/system/menu','206.237.119.148','XX XX','{\"children\":[],\"createBy\":\"admin\",\"icon\":\"component\",\"isCache\":\"0\",\"isFrame\":\"1\",\"menuName\":\"学生管理\",\"menuType\":\"M\",\"orderNum\":3,\"params\":{},\"parentId\":0,\"path\":\"student\",\"status\":\"0\",\"visible\":\"0\"}','{\"msg\":\"操作成功\",\"code\":200}',0,NULL,'2024-10-07 14:36:46',30),(19,'菜单管理',1,'com.doubleSelection.web.controller.system.SysMenuController.add()','POST',1,'admin',NULL,'/system/menu','206.237.119.148','XX XX','{\"children\":[],\"component\":\"doubleSelection/student/index\",\"createBy\":\"admin\",\"icon\":\"documentation\",\"isCache\":\"0\",\"isFrame\":\"1\",\"menuName\":\"学生列表\",\"menuType\":\"C\",\"orderNum\":1,\"params\":{},\"parentId\":119,\"path\":\"student\",\"perms\":\"doubleSelection:student:list\",\"status\":\"0\",\"visible\":\"0\"}','{\"msg\":\"操作成功\",\"code\":200}',0,NULL,'2024-10-07 14:38:21',27),(20,'菜单管理',1,'com.doubleSelection.web.controller.system.SysMenuController.add()','POST',1,'admin',NULL,'/system/menu','206.237.119.148','XX XX','{\"children\":[],\"component\":\"doubleSelection/student/index\",\"icon\":\"documentation\",\"isCache\":\"0\",\"isFrame\":\"1\",\"menuName\":\"学生列表\",\"menuType\":\"C\",\"orderNum\":1,\"params\":{},\"parentId\":119,\"path\":\"student\",\"perms\":\"doubleSelection:student:list\",\"status\":\"0\",\"visible\":\"0\"}','{\"msg\":\"新增菜单\'学生列表\'失败，菜单名称已存在\",\"code\":500}',0,NULL,'2024-10-07 14:38:22',8),(21,'菜单管理',1,'com.doubleSelection.web.controller.system.SysMenuController.add()','POST',1,'admin',NULL,'/system/menu','206.237.119.148','XX XX','{\"children\":[],\"createBy\":\"admin\",\"isCache\":\"0\",\"isFrame\":\"1\",\"menuName\":\"新增\",\"menuType\":\"F\",\"orderNum\":1,\"params\":{},\"parentId\":120,\"perms\":\"doubleSelection:student:add\",\"status\":\"0\",\"visible\":\"0\"}','{\"msg\":\"操作成功\",\"code\":200}',0,NULL,'2024-10-07 14:39:01',23),(22,'菜单管理',1,'com.doubleSelection.web.controller.system.SysMenuController.add()','POST',1,'admin',NULL,'/system/menu','206.237.119.148','XX XX','{\"children\":[],\"createBy\":\"admin\",\"isCache\":\"0\",\"isFrame\":\"1\",\"menuName\":\"删除\",\"menuType\":\"F\",\"orderNum\":2,\"params\":{},\"parentId\":120,\"perms\":\"doubleSelection:student:remove\",\"status\":\"0\",\"visible\":\"0\"}','{\"msg\":\"操作成功\",\"code\":200}',0,NULL,'2024-10-07 14:40:06',22),(23,'菜单管理',1,'com.doubleSelection.web.controller.system.SysMenuController.add()','POST',1,'admin',NULL,'/system/menu','206.237.119.148','XX XX','{\"children\":[],\"createBy\":\"admin\",\"isCache\":\"0\",\"isFrame\":\"1\",\"menuName\":\"修改\",\"menuType\":\"F\",\"orderNum\":3,\"params\":{},\"parentId\":120,\"perms\":\"doubleSelection:student:edit\",\"status\":\"0\",\"visible\":\"0\"}','{\"msg\":\"操作成功\",\"code\":200}',0,NULL,'2024-10-07 14:40:26',23),(24,'菜单管理',1,'com.doubleSelection.web.controller.system.SysMenuController.add()','POST',1,'admin',NULL,'/system/menu','206.237.119.148','XX XX','{\"children\":[],\"createBy\":\"admin\",\"isCache\":\"0\",\"isFrame\":\"1\",\"menuName\":\"导出\",\"menuType\":\"F\",\"orderNum\":4,\"params\":{},\"parentId\":120,\"perms\":\"doubleSelection:student:export\",\"status\":\"0\",\"visible\":\"0\"}','{\"msg\":\"操作成功\",\"code\":200}',0,NULL,'2024-10-07 14:40:47',23),(25,'菜单管理',1,'com.doubleSelection.web.controller.system.SysMenuController.add()','POST',1,'admin',NULL,'/system/menu','206.237.119.148','XX XX','{\"children\":[],\"component\":\"doubleSelection/requestHandle/index\",\"createBy\":\"admin\",\"icon\":\"code\",\"isCache\":\"0\",\"isFrame\":\"1\",\"menuName\":\"申请处理\",\"menuType\":\"C\",\"orderNum\":2,\"params\":{},\"parentId\":119,\"path\":\"requestHandle\",\"perms\":\"doubleSelection:requestHandle:list\",\"status\":\"0\",\"visible\":\"0\"}','{\"msg\":\"操作成功\",\"code\":200}',0,NULL,'2024-10-07 14:43:30',25),(26,'菜单管理',1,'com.doubleSelection.web.controller.system.SysMenuController.add()','POST',1,'admin',NULL,'/system/menu','206.237.119.148','XX XX','{\"children\":[],\"component\":\"doubleSelection/studentResult/index\",\"createBy\":\"admin\",\"icon\":\"dashboard\",\"isCache\":\"0\",\"isFrame\":\"1\",\"menuName\":\"双选结果\",\"menuType\":\"C\",\"orderNum\":3,\"params\":{},\"parentId\":119,\"path\":\"studentResult\",\"perms\":\"doubleSelection:studentResult:list\",\"status\":\"0\",\"visible\":\"0\"}','{\"msg\":\"操作成功\",\"code\":200}',0,NULL,'2024-10-07 14:44:59',21),(27,'角色管理',2,'com.doubleSelection.web.controller.system.SysRoleController.edit()','PUT',1,'admin',NULL,'/system/role','206.237.119.148','XX XX','{\"admin\":false,\"createTime\":\"2024-10-07 13:43:37\",\"dataScope\":\"1\",\"delFlag\":\"0\",\"deptCheckStrictly\":true,\"flag\":false,\"menuCheckStrictly\":false,\"menuIds\":[106,107,108,120,125,126,110],\"params\":{},\"roleId\":100,\"roleKey\":\"mentor\",\"roleName\":\"导师\",\"roleSort\":0,\"status\":\"0\",\"updateBy\":\"admin\"}','{\"msg\":\"操作成功\",\"code\":200}',0,NULL,'2024-10-07 14:46:21',64),(28,'角色管理',2,'com.doubleSelection.web.controller.system.SysRoleController.edit()','PUT',1,'admin',NULL,'/system/role','206.237.119.148','XX XX','{\"admin\":false,\"createTime\":\"2024-10-07 21:46:09\",\"dataScope\":\"1\",\"delFlag\":\"0\",\"deptCheckStrictly\":true,\"flag\":false,\"menuCheckStrictly\":false,\"menuIds\":[111,112,117,118,106,107,108,110],\"params\":{},\"roleId\":101,\"roleKey\":\"student\",\"roleName\":\"学生\",\"roleSort\":1,\"status\":\"0\",\"updateBy\":\"admin\"}','{\"msg\":\"操作成功\",\"code\":200}',0,NULL,'2024-10-07 14:46:52',59),(29,'角色管理',2,'com.doubleSelection.web.controller.system.SysRoleController.edit()','PUT',1,'admin',NULL,'/system/role','206.237.119.148','XX XX','{\"admin\":false,\"createTime\":\"2024-10-07 13:43:37\",\"dataScope\":\"1\",\"delFlag\":\"0\",\"deptCheckStrictly\":true,\"flag\":false,\"menuCheckStrictly\":false,\"menuIds\":[106,107,108,119,120,125,126,110],\"params\":{},\"roleId\":100,\"roleKey\":\"mentor\",\"roleName\":\"导师\",\"roleSort\":0,\"status\":\"0\",\"updateBy\":\"admin\"}','{\"msg\":\"操作成功\",\"code\":200}',0,NULL,'2024-10-07 14:48:57',64),(30,'菜单管理',2,'com.doubleSelection.web.controller.system.SysMenuController.edit()','PUT',1,'admin',NULL,'/system/menu','206.237.119.148','XX XX','{\"children\":[],\"createTime\":\"2024-10-07 13:48:31\",\"icon\":\"build\",\"isCache\":\"0\",\"isFrame\":\"1\",\"menuId\":106,\"menuName\":\"活动管理\",\"menuType\":\"M\",\"orderNum\":5,\"params\":{},\"parentId\":0,\"path\":\"activity\",\"perms\":\"\",\"routeName\":\"\",\"status\":\"0\",\"updateBy\":\"admin\",\"visible\":\"0\"}','{\"msg\":\"操作成功\",\"code\":200}',0,NULL,'2024-10-07 14:54:39',22),(31,'用户头像',2,'com.doubleSelection.web.controller.system.SysProfileController.avatar()','POST',1,'test',NULL,'/system/user/profile/avatar','175.2.23.210','XX XX','','{\"msg\":\"操作成功\",\"imgUrl\":\"/profile/avatar/2024/10/07/avatar_20241007152208A002.png\",\"code\":200}',0,NULL,'2024-10-07 15:22:08',22),(32,'用户头像',2,'com.doubleSelection.web.controller.system.SysProfileController.avatar()','POST',1,'test',NULL,'/system/user/profile/avatar','175.2.23.210','XX XX','','{\"msg\":\"操作成功\",\"imgUrl\":\"/profile/avatar/2024/10/07/avatar_20241007152220A003.png\",\"code\":200}',0,NULL,'2024-10-07 15:22:20',21),(33,'菜单管理',2,'com.doubleSelection.web.controller.system.SysMenuController.edit()','PUT',1,'admin',NULL,'/system/menu','127.0.0.1','内网IP','{\"children\":[],\"createTime\":\"2024-10-07 14:19:07\",\"icon\":\"teacher\",\"isCache\":\"0\",\"isFrame\":\"1\",\"menuId\":111,\"menuName\":\"导师管理\",\"menuType\":\"M\",\"orderNum\":1,\"params\":{},\"parentId\":0,\"path\":\"mentor\",\"perms\":\"\",\"routeName\":\"\",\"status\":\"0\",\"updateBy\":\"admin\",\"visible\":\"0\"}','{\"msg\":\"操作成功\",\"code\":200}',0,NULL,'2024-10-07 16:22:12',24),(34,'菜单管理',2,'com.doubleSelection.web.controller.system.SysMenuController.edit()','PUT',1,'admin',NULL,'/system/menu','127.0.0.1','内网IP','{\"children\":[],\"component\":\"doubleSelection/student/index\",\"createTime\":\"2024-10-07 14:38:21\",\"icon\":\"peoples\",\"isCache\":\"0\",\"isFrame\":\"1\",\"menuId\":120,\"menuName\":\"学生列表\",\"menuType\":\"C\",\"orderNum\":1,\"params\":{},\"parentId\":119,\"path\":\"student\",\"perms\":\"doubleSelection:student:list\",\"routeName\":\"\",\"status\":\"0\",\"updateBy\":\"admin\",\"visible\":\"0\"}','{\"msg\":\"操作成功\",\"code\":200}',0,NULL,'2024-10-07 16:23:38',24),(35,'菜单管理',2,'com.doubleSelection.web.controller.system.SysMenuController.edit()','PUT',1,'admin',NULL,'/system/menu','127.0.0.1','内网IP','{\"children\":[],\"createTime\":\"2024-10-07 14:19:07\",\"icon\":\"peoples\",\"isCache\":\"0\",\"isFrame\":\"1\",\"menuId\":111,\"menuName\":\"导师管理\",\"menuType\":\"M\",\"orderNum\":1,\"params\":{},\"parentId\":0,\"path\":\"mentor\",\"perms\":\"\",\"routeName\":\"\",\"status\":\"0\",\"updateBy\":\"admin\",\"visible\":\"0\"}','{\"msg\":\"操作成功\",\"code\":200}',0,NULL,'2024-10-07 16:25:33',29),(36,'菜单管理',2,'com.doubleSelection.web.controller.system.SysMenuController.edit()','PUT',1,'admin',NULL,'/system/menu','127.0.0.1','内网IP','{\"children\":[],\"component\":\"doubleSelection/mentorRecommended/index\",\"createTime\":\"2024-10-07 14:31:20\",\"icon\":\"推荐\",\"isCache\":\"0\",\"isFrame\":\"1\",\"menuId\":117,\"menuName\":\"导师推荐\",\"menuType\":\"C\",\"orderNum\":2,\"params\":{},\"parentId\":111,\"path\":\"mentorRecommended\",\"perms\":\"doubleSelection:mentorRecommended:list\",\"routeName\":\"\",\"status\":\"0\",\"updateBy\":\"admin\",\"visible\":\"0\"}','{\"msg\":\"操作成功\",\"code\":200}',0,NULL,'2024-10-07 16:26:18',23),(37,'菜单管理',2,'com.doubleSelection.web.controller.system.SysMenuController.edit()','PUT',1,'admin',NULL,'/system/menu','127.0.0.1','内网IP','{\"children\":[],\"component\":\"doubleSelection/mentorRecommended/index\",\"createTime\":\"2024-10-07 14:31:20\",\"icon\":\"job\",\"isCache\":\"0\",\"isFrame\":\"1\",\"menuId\":117,\"menuName\":\"导师推荐\",\"menuType\":\"C\",\"orderNum\":2,\"params\":{},\"parentId\":111,\"path\":\"mentorRecommended\",\"perms\":\"doubleSelection:mentorRecommended:list\",\"routeName\":\"\",\"status\":\"0\",\"updateBy\":\"admin\",\"visible\":\"0\"}','{\"msg\":\"操作成功\",\"code\":200}',0,NULL,'2024-10-07 16:27:33',24),(38,'菜单管理',2,'com.doubleSelection.web.controller.system.SysMenuController.edit()','PUT',1,'admin',NULL,'/system/menu','127.0.0.1','内网IP','{\"children\":[],\"component\":\"doubleSelection/mentor/index\",\"createTime\":\"2024-10-07 14:21:24\",\"icon\":\"teacher\",\"isCache\":\"0\",\"isFrame\":\"1\",\"menuId\":112,\"menuName\":\"导师列表\",\"menuType\":\"C\",\"orderNum\":1,\"params\":{},\"parentId\":111,\"path\":\"mentor\",\"perms\":\"doubleSelection:mentor:list\",\"routeName\":\"\",\"status\":\"0\",\"updateBy\":\"admin\",\"visible\":\"0\"}','{\"msg\":\"操作成功\",\"code\":200}',0,NULL,'2024-10-07 16:28:05',25),(39,'菜单管理',2,'com.doubleSelection.web.controller.system.SysMenuController.edit()','PUT',1,'admin',NULL,'/system/menu','127.0.0.1','内网IP','{\"children\":[],\"component\":\"doubleSelection/mentor/index\",\"createTime\":\"2024-10-07 14:21:24\",\"icon\":\"list\",\"isCache\":\"0\",\"isFrame\":\"1\",\"menuId\":112,\"menuName\":\"导师列表\",\"menuType\":\"C\",\"orderNum\":1,\"params\":{},\"parentId\":111,\"path\":\"mentor\",\"perms\":\"doubleSelection:mentor:list\",\"routeName\":\"\",\"status\":\"0\",\"updateBy\":\"admin\",\"visible\":\"0\"}','{\"msg\":\"操作成功\",\"code\":200}',0,NULL,'2024-10-07 16:28:56',24),(40,'菜单管理',2,'com.doubleSelection.web.controller.system.SysMenuController.edit()','PUT',1,'admin',NULL,'/system/menu','127.0.0.1','内网IP','{\"children\":[],\"createTime\":\"2024-10-07 14:36:46\",\"icon\":\"education\",\"isCache\":\"0\",\"isFrame\":\"1\",\"menuId\":119,\"menuName\":\"学生管理\",\"menuType\":\"M\",\"orderNum\":3,\"params\":{},\"parentId\":0,\"path\":\"student\",\"perms\":\"\",\"routeName\":\"\",\"status\":\"0\",\"updateBy\":\"admin\",\"visible\":\"0\"}','{\"msg\":\"操作成功\",\"code\":200}',0,NULL,'2024-10-07 16:29:37',22),(41,'菜单管理',2,'com.doubleSelection.web.controller.system.SysMenuController.edit()','PUT',1,'admin',NULL,'/system/menu','127.0.0.1','内网IP','{\"children\":[],\"component\":\"doubleSelection/student/index\",\"createTime\":\"2024-10-07 14:38:21\",\"icon\":\"list\",\"isCache\":\"0\",\"isFrame\":\"1\",\"menuId\":120,\"menuName\":\"学生列表\",\"menuType\":\"C\",\"orderNum\":1,\"params\":{},\"parentId\":119,\"path\":\"student\",\"perms\":\"doubleSelection:student:list\",\"routeName\":\"\",\"status\":\"0\",\"updateBy\":\"admin\",\"visible\":\"0\"}','{\"msg\":\"操作成功\",\"code\":200}',0,NULL,'2024-10-07 16:29:50',22),(42,'菜单管理',2,'com.doubleSelection.web.controller.system.SysMenuController.edit()','PUT',1,'admin',NULL,'/system/menu','127.0.0.1','内网IP','{\"children\":[],\"component\":\"doubleSelection/studentResult/index\",\"createTime\":\"2024-10-07 14:44:59\",\"icon\":\"guide\",\"isCache\":\"0\",\"isFrame\":\"1\",\"menuId\":126,\"menuName\":\"双选结果\",\"menuType\":\"C\",\"orderNum\":3,\"params\":{},\"parentId\":119,\"path\":\"studentResult\",\"perms\":\"doubleSelection:studentResult:list\",\"routeName\":\"\",\"status\":\"0\",\"updateBy\":\"admin\",\"visible\":\"0\"}','{\"msg\":\"操作成功\",\"code\":200}',0,NULL,'2024-10-07 16:30:11',26);
/*!40000 ALTER TABLE `sys_oper_log` ENABLE KEYS */;
UNLOCK TABLES;

--
-- Table structure for table `sys_post`
--

DROP TABLE IF EXISTS `sys_post`;
/*!40101 SET @saved_cs_client     = @@character_set_client */;
/*!50503 SET character_set_client = utf8mb4 */;
CREATE TABLE `sys_post` (
  `post_id` bigint NOT NULL AUTO_INCREMENT COMMENT '岗位ID',
  `post_code` varchar(64) NOT NULL COMMENT '岗位编码',
  `post_name` varchar(50) NOT NULL COMMENT '岗位名称',
  `post_sort` int NOT NULL COMMENT '显示顺序',
  `status` char(1) NOT NULL COMMENT '状态（0正常 1停用）',
  `create_by` varchar(64) DEFAULT '' COMMENT '创建者',
  `create_time` datetime DEFAULT NULL COMMENT '创建时间',
  `update_by` varchar(64) DEFAULT '' COMMENT '更新者',
  `update_time` datetime DEFAULT NULL COMMENT '更新时间',
  `remark` varchar(500) DEFAULT NULL COMMENT '备注',
  PRIMARY KEY (`post_id`)
) ENGINE=InnoDB DEFAULT CHARSET=utf8mb4 COLLATE=utf8mb4_0900_ai_ci COMMENT='岗位信息表';
/*!40101 SET character_set_client = @saved_cs_client */;

--
-- Dumping data for table `sys_post`
--

LOCK TABLES `sys_post` WRITE;
/*!40000 ALTER TABLE `sys_post` DISABLE KEYS */;
/*!40000 ALTER TABLE `sys_post` ENABLE KEYS */;
UNLOCK TABLES;

--
-- Table structure for table `sys_role`
--

DROP TABLE IF EXISTS `sys_role`;
/*!40101 SET @saved_cs_client     = @@character_set_client */;
/*!50503 SET character_set_client = utf8mb4 */;
CREATE TABLE `sys_role` (
  `role_id` bigint NOT NULL AUTO_INCREMENT COMMENT '角色ID',
  `role_name` varchar(30) NOT NULL COMMENT '角色名称',
  `role_key` varchar(100) NOT NULL COMMENT '角色权限字符串',
  `role_sort` int NOT NULL COMMENT '显示顺序',
  `data_scope` char(1) DEFAULT '1' COMMENT '数据范围（1：全部数据权限 2：自定数据权限 3：本部门数据权限 4：本部门及以下数据权限）',
  `menu_check_strictly` tinyint(1) DEFAULT '1' COMMENT '菜单树选择项是否关联显示',
  `dept_check_strictly` tinyint(1) DEFAULT '1' COMMENT '部门树选择项是否关联显示',
  `status` char(1) NOT NULL COMMENT '角色状态（0正常 1停用）',
  `del_flag` char(1) DEFAULT '0' COMMENT '删除标志（0代表存在 2代表删除）',
  `create_by` varchar(64) DEFAULT '' COMMENT '创建者',
  `create_time` datetime DEFAULT NULL COMMENT '创建时间',
  `update_by` varchar(64) DEFAULT '' COMMENT '更新者',
  `update_time` datetime DEFAULT NULL COMMENT '更新时间',
  `remark` varchar(500) DEFAULT NULL COMMENT '备注',
  PRIMARY KEY (`role_id`)
) ENGINE=InnoDB AUTO_INCREMENT=102 DEFAULT CHARSET=utf8mb4 COLLATE=utf8mb4_0900_ai_ci COMMENT='角色信息表';
/*!40101 SET character_set_client = @saved_cs_client */;

--
-- Dumping data for table `sys_role`
--

LOCK TABLES `sys_role` WRITE;
/*!40000 ALTER TABLE `sys_role` DISABLE KEYS */;
INSERT INTO `sys_role` VALUES (1,'超级管理员','admin',1,'1',1,1,'0','0','admin','2024-09-22 14:24:37','',NULL,'超级管理员'),(100,'导师','mentor',0,'1',0,1,'0','0','admin','2024-10-07 13:43:37','admin','2024-10-07 14:48:57',NULL),(101,'学生','student',1,'1',0,1,'0','0','','2024-10-07 21:46:09','admin','2024-10-07 14:46:52',NULL);
/*!40000 ALTER TABLE `sys_role` ENABLE KEYS */;
UNLOCK TABLES;

--
-- Table structure for table `sys_role_dept`
--

DROP TABLE IF EXISTS `sys_role_dept`;
/*!40101 SET @saved_cs_client     = @@character_set_client */;
/*!50503 SET character_set_client = utf8mb4 */;
CREATE TABLE `sys_role_dept` (
  `role_id` bigint NOT NULL COMMENT '角色ID',
  `dept_id` bigint NOT NULL COMMENT '部门ID',
  PRIMARY KEY (`role_id`,`dept_id`)
) ENGINE=InnoDB DEFAULT CHARSET=utf8mb4 COLLATE=utf8mb4_0900_ai_ci COMMENT='角色和部门关联表';
/*!40101 SET character_set_client = @saved_cs_client */;

--
-- Dumping data for table `sys_role_dept`
--

LOCK TABLES `sys_role_dept` WRITE;
/*!40000 ALTER TABLE `sys_role_dept` DISABLE KEYS */;
/*!40000 ALTER TABLE `sys_role_dept` ENABLE KEYS */;
UNLOCK TABLES;

--
-- Table structure for table `sys_role_menu`
--

DROP TABLE IF EXISTS `sys_role_menu`;
/*!40101 SET @saved_cs_client     = @@character_set_client */;
/*!50503 SET character_set_client = utf8mb4 */;
CREATE TABLE `sys_role_menu` (
  `role_id` bigint NOT NULL COMMENT '角色ID',
  `menu_id` bigint NOT NULL COMMENT '菜单ID',
  PRIMARY KEY (`role_id`,`menu_id`)
) ENGINE=InnoDB DEFAULT CHARSET=utf8mb4 COLLATE=utf8mb4_0900_ai_ci COMMENT='角色和菜单关联表';
/*!40101 SET character_set_client = @saved_cs_client */;

--
-- Dumping data for table `sys_role_menu`
--

LOCK TABLES `sys_role_menu` WRITE;
/*!40000 ALTER TABLE `sys_role_menu` DISABLE KEYS */;
INSERT INTO `sys_role_menu` VALUES (100,106),(100,107),(100,108),(100,110),(100,119),(100,120),(100,125),(100,126),(101,106),(101,107),(101,108),(101,110),(101,111),(101,112),(101,117),(101,118);
/*!40000 ALTER TABLE `sys_role_menu` ENABLE KEYS */;
UNLOCK TABLES;

--
-- Table structure for table `sys_user`
--

DROP TABLE IF EXISTS `sys_user`;
/*!40101 SET @saved_cs_client     = @@character_set_client */;
/*!50503 SET character_set_client = utf8mb4 */;
CREATE TABLE `sys_user` (
  `user_id` bigint NOT NULL AUTO_INCREMENT COMMENT '用户ID',
  `dept_id` bigint DEFAULT NULL COMMENT '部门ID',
  `user_name` varchar(30) NOT NULL COMMENT '用户账号',
  `nick_name` varchar(30) NOT NULL COMMENT '用户昵称',
  `user_type` varchar(2) DEFAULT '00' COMMENT '用户类型（00系统用户）',
  `email` varchar(50) DEFAULT '' COMMENT '用户邮箱',
  `phonenumber` varchar(11) DEFAULT '' COMMENT '手机号码',
  `sex` char(1) DEFAULT '0' COMMENT '用户性别（0男 1女 2未知）',
  `avatar` varchar(100) DEFAULT '' COMMENT '头像地址',
  `password` varchar(100) DEFAULT '' COMMENT '密码',
  `status` char(1) DEFAULT '0' COMMENT '帐号状态（0正常 1停用）',
  `del_flag` char(1) DEFAULT '0' COMMENT '删除标志（0代表存在 2代表删除）',
  `login_ip` varchar(128) DEFAULT '' COMMENT '最后登录IP',
  `login_date` datetime DEFAULT NULL COMMENT '最后登录时间',
  `create_by` varchar(64) DEFAULT '' COMMENT '创建者',
  `create_time` datetime DEFAULT NULL COMMENT '创建时间',
  `update_by` varchar(64) DEFAULT '' COMMENT '更新者',
  `update_time` datetime DEFAULT NULL COMMENT '更新时间',
  `remark` varchar(500) DEFAULT NULL COMMENT '备注',
  PRIMARY KEY (`user_id`)
) ENGINE=InnoDB AUTO_INCREMENT=209 DEFAULT CHARSET=utf8mb4 COLLATE=utf8mb4_0900_ai_ci COMMENT='用户信息表';
/*!40101 SET character_set_client = @saved_cs_client */;

--
-- Dumping data for table `sys_user`
--

LOCK TABLES `sys_user` WRITE;
/*!40000 ALTER TABLE `sys_user` DISABLE KEYS */;
INSERT INTO `sys_user` VALUES (1,103,'admin','若依','00','ry@163.com','15888888888','1','','$2a$10$7JB720yubVSZvUI0rEqK/.VqGOZTH.ulu33dHOiBE8ByOhJIrdAu2','0','0','45.67.200.120','2024-10-18 08:06:36','admin','2024-09-22 14:24:37','','2024-10-18 16:06:36','管理员'),(2,NULL,'mentorTest','mentorTest','00','291396312@qq.com','','0','','$2a$10$22mTrBRnrcdSCDnzxLGWZu0sx9rhbN.NlSIEQSw/m4396G2pNRRqe','0','0','206.237.119.148','2024-10-07 14:53:30','','2024-10-07 14:47:35','','2024-10-07 14:53:29',NULL),(3,NULL,'studentTest','studentTest','00','291396311@qq.com','','0','','$2a$10$Ia8oodPogDA1DAMGRzc4duA7cqBFtRAPN//mL6OG1.KE/7IN65mza','0','0','127.0.0.1','2024-10-18 08:54:12','','2024-10-07 14:50:13','','2024-10-18 08:54:12',NULL),(4,NULL,'hefeng','hefeng','00','1711856038@qq.com','','0','','$2a$10$HJTO5efA.XfDy0fKdrodtuZ.Q0cLh1v6AMJgSCt8WDAfHzs8ig.jG','0','0','222.247.225.43','2024-10-08 13:16:24','','2024-10-07 15:02:57','','2024-10-08 21:16:23',NULL),(5,NULL,'test','test','00','test@163.com','','0','/profile/avatar/2024/10/07/avatar_20241007152220A003.png','$2a$10$.Ddq1h..y6Po8C9qoh4eQOLG9pscpLRtftuuyV4v0TTD3f3Xe1MqC','0','0','222.247.225.66','2024-10-18 06:29:19','','2024-10-07 15:20:39','','2024-10-18 14:29:19',NULL),(6,NULL,'qianjienan','qianjienan','00','2991158562@qq.com','','0','','$2a$10$d/xqpW4DVxU9QQAwf9HGG.eo/qr8A3M7tPWxuy0mpyeoPsc90M70e','0','0','222.247.225.205','2024-10-18 06:23:01','','2024-10-07 15:24:45','','2024-10-18 14:23:01',NULL),(7,NULL,'test2','test2','00','111@qq.com','','0','','$2a$10$5OqYneKD6NepdSvjo6sKz.WilHw.7q/bIB9csTNs9mwGJLRF9Zst.','0','0','223.153.225.92','2024-10-17 05:52:38','','2024-10-07 15:29:05','','2024-10-17 13:52:37',NULL),(8,NULL,'lzclzclzc','lzclzclzc','00','291396313@qq.com','','0','','$2a$10$gCVyNzjrpcQhY5jykNOd.ukEjzFMhIomT3UswGo9QZxURVGAbBuJ6','0','0','',NULL,'','2024-10-08 09:36:56','',NULL,NULL),(9,NULL,'xionglian','xionglian','00','1946095130@qq.com','','0','','$2a$10$nuUOiUa/zHWbrNpbhL8.Pu.Q/hBNzl11iPMcEy8o0gbyECXKURcey','0','0','222.247.225.66','2024-10-08 14:20:03','','2024-10-08 10:32:38','','2024-10-08 22:20:03',NULL),(10,NULL,'xiaoliang','xiaoliang','00','xiaoliang@126.com','','0','','$2a$10$/GNo7bt.0j0y6EPvAjswmec4JFFnUqA0md5fm2fmz4u8dhyxnlyxu','0','0','',NULL,'','2024-10-08 10:41:32','',NULL,NULL),(11,NULL,'limin','limin','00','limin@126.com','','0','','$2a$10$GrnDgHJnc6wp7rmquYoAceBqvomoezTUCzWGnCTaQr.qh4spwlPZ6','0','0','',NULL,'','2024-10-08 10:42:02','',NULL,NULL),(12,NULL,'wangzheng','wangzheng','00','wangzheng@126.com','','0','','$2a$10$UF3NJRHQEFyUzeROTVEMWOkktbLXsOXMtaxzi.pQHDe7HTNCt309a','0','0','',NULL,'','2024-10-08 10:42:55','',NULL,NULL),(13,NULL,'zhanghua','zhanghua','00','zhanghua@126.com','','0','','$2a$10$flNT5iwMIoS9evDKTE5pZO6otunuTZQLMABU5UdLTzfXQJFf/TyI6','0','0','',NULL,'','2024-10-08 10:44:42','',NULL,NULL),(14,NULL,'liuzhaoyang','liuzhaoyang','00','liuzhaoyang@126.com','','0','','$2a$10$exFVXhTbstqjXyKZfFzBSO7ycgw6LGXn2bYpL/qxwDPT.RU/CPTFe','0','0','',NULL,'','2024-10-08 10:44:53','',NULL,NULL),(15,NULL,'wugang','wugang','00','wugang@126.com','','0','','$2a$10$Eik44/5jaSK7AbmXz4Ke.OiKCDSuj0uFJmf0.6oKmzzX8aqiWIu56','0','0','',NULL,'','2024-10-08 10:46:38','',NULL,NULL),(16,NULL,'cuidongshan','cuidongshan','00','cuidongshan@126.com','','0','','$2a$10$0bXNbG6FNu59GHy3RhAmGeJ.OPZXTyq3WGkE1HDjxvYrZQlbKBmdy','0','0','',NULL,'','2024-10-08 10:47:02','',NULL,NULL),(17,NULL,'xinglijun','xinglijun','00','xinglijun@126.com','','0','','$2a$10$qZjKQADcHL26BgYrZLf.BOSDN9ixLzIepNpp0lrvxKOpx1y4Wjd2m','0','0','',NULL,'','2024-10-08 10:48:47','',NULL,NULL),(18,NULL,'dingyi','dingyi','00','dingyi@163.com','','0','','$2a$10$ixi/eC3V1m/Uj50UsKN6LOJjcKrfgMO3zekgRWLOwjFzfW6PZJqEm','0','0','',NULL,'','2024-10-08 10:50:38','',NULL,NULL),(19,NULL,'chenchangqing','chenchangqing','00','chenchangqing@126.com','','0','','$2a$10$bF9HVLv0Mtj65iJypAN30uMAK1rGD/cjhafT/FyAJLJQEdvwkE/2a','0','0','',NULL,'','2024-10-08 10:51:26','',NULL,NULL),(20,NULL,'linhao','linhao','00','linhao@126.com','','0','','$2a$10$4qjv62QhQ3SuOGAwsnRc..QGt2cuj6uq2sEzW93anxRNS7WudJsGu','0','0','',NULL,'','2024-10-08 10:52:32','',NULL,NULL),(21,NULL,'bisheng','bisheng','00','bisheng@163.com','','0','','$2a$10$MFNArOkDQXQRFSkh1UV1FOdtmA0asULT1LLkyZSZRBOMU1E9UaQ1S','0','0','',NULL,'','2024-10-08 10:52:35','',NULL,NULL),(22,NULL,'wanglei','wanglei','00','wanglei@163.com','','0','','$2a$10$72rud9DzlqDZxoLSP/vBLO3AEMw85LKoe8elDJcp.oVO6UO4SRFEy','0','0','',NULL,'','2024-10-08 10:53:55','',NULL,NULL),(23,NULL,'wangzhihe','wangzhihe','00','wangzhihe@163.com','','0','','$2a$10$.N56N1SN2aaZSoPOFM5tle77FfMD3A8o0fgHyAlUWUtPO.u4o86Ru','0','0','',NULL,'','2024-10-08 10:55:01','',NULL,NULL),(24,NULL,'lilijun','lilijun','00','lilijun@163.com','','0','','$2a$10$EuV8HyX9jupxgzR4wjz4TeF/ZYsDVeiEAF5jV.SdPgwuuUDg0bYbq','0','0','',NULL,'','2024-10-08 10:55:43','',NULL,NULL),(25,NULL,'hubo','hubo','00','hubo@163.com','','0','','$2a$10$khBjqKZIvFeLhTMYupgRVemF4f413MHZnQitIOXLmBhijGn8aWo.K','0','0','',NULL,'','2024-10-08 10:57:47','',NULL,NULL),(26,NULL,'huangqing','huangqing','00','haungqing@126.com','','0','','$2a$10$PAXKqime6koA6CZI2JRBte.ulY4.qOFRTutGpFNzyTXuAuK1ducB.','0','0','',NULL,'','2024-10-08 10:58:07','',NULL,NULL),(27,NULL,'xuchang','xuchang','00','xuchang@163.com','','0','','$2a$10$puMW77/caMX3x/Ji2YkIO.3mtH1WdX0Cb4rS5xQzqtKuIrq8nEkSW','0','0','',NULL,'','2024-10-08 10:58:37','',NULL,NULL),(28,NULL,'xuqiang','xuqiang','00','xuqiang@163.com','','0','','$2a$10$rRhmJH7/vTq5gKfMUkxBk.7ZZGat.u5lYgoRYQOZzzz7k.JV5AxDi','0','0','',NULL,'','2024-10-08 10:59:28','',NULL,NULL),(29,NULL,'zhaozhi','zhaozhi','00','zhaozhi@163.com','','0','','$2a$10$VLeqScNSmdx6M4.LFgbrBOh.fSxQmAeweIxFQrj0J3yiiZilEKvhK','0','0','',NULL,'','2024-10-08 11:00:04','',NULL,NULL),(30,NULL,'wangqi','wangqi','00','wangqi@163.com','','0','','$2a$10$pWqKgTgTdETlXJuLBgtxmOB.Als64q4gAGBaML1Tlhtblt8BpJaYe','0','0','',NULL,'','2024-10-08 11:00:41','',NULL,NULL),(31,NULL,'yangjin','yangjin','00','yangjin@126.com','','0','','$2a$10$N6EpDrSCt6XZ4snezyA03uZe3eXhfyNO88gkfT11PBVBNoqJdV39C','0','0','',NULL,'','2024-10-08 11:01:38','',NULL,NULL),(32,NULL,'rongxuanzi','rongxuanzi','00','rongxuanzi@126.com','','0','','$2a$10$9k4GspjHurQVv1qudPkqwOBvcl.JKjuBrTpQwXbgnDB/GyEynh11S','0','0','',NULL,'','2024-10-08 11:02:05','',NULL,NULL),(33,NULL,'wangjie','wangjie','00','wangjie@126.com','','0','','$2a$10$zp0WAugmm5vVbRfSZ2AZ/eGlEhvVUnvnJW6yRRiVgvAVechK8Zu9a','0','0','',NULL,'','2024-10-08 11:03:28','',NULL,NULL),(34,NULL,'liuli','liuli','00','liuli@163.com','','0','','$2a$10$1xPjgwryMZb1CdCTbS3QVudomCqFFUq9P6W1jYOK5BupwGTTaUunO','0','0','',NULL,'','2024-10-08 11:03:43','',NULL,NULL),(35,NULL,'chenglijian','chenglijian','00','chenglijian@126.com','','0','','$2a$10$6H5bmeWCC/6gQrUVKtfD6O5Vn9n7eifaLhfT2oh72XBOwLXzSrZM2','0','0','',NULL,'','2024-10-08 11:04:18','',NULL,NULL),(36,NULL,'zhuwen','zhuwen','00','zhuwen@163.com','','0','','$2a$10$Mc2kSFN4j0dGqw02Jn6ryewTPltX1AjgQ.FQx8fj6iCy0TwaKSIoG','0','0','',NULL,'','2024-10-08 11:04:49','',NULL,NULL),(37,NULL,'zhaoyu','zhaoyu','00','zhaoyu@126.com','','0','','$2a$10$ZrBqaBnl1XbE9S8oWZFUhOYBQ.9XeHyO3D2DYl2RFep5Maxbj694W','0','0','',NULL,'','2024-10-08 11:05:29','',NULL,NULL),(38,NULL,'dengyuan','dengyuan','00','dengyuan@163.com','','0','','$2a$10$7Hmk1YBekCmMNxWWY5OpX.9ivWvPzTbtXZ6HUkkEP16y4IvKCyf8e','0','0','',NULL,'','2024-10-08 11:06:09','',NULL,NULL),(39,NULL,'lizeyi','lizeyi','00','lizeyi@163.com','','0','','$2a$10$58pDk.GARF4.GrpusbKFi.BBse.M4ZUPIblBexr1OjSvudddc41nS','0','0','',NULL,'','2024-10-08 11:07:10','',NULL,NULL),(40,NULL,'duanyu','duanyu','00','duanyu@163.com','','0','','$2a$10$p27JiJkqXTVCAPBQpaPqW.3yubUvGHqGjgh3VInZHRSqJirqrF4gu','0','0','',NULL,'','2024-10-08 11:08:45','',NULL,NULL),(41,NULL,'sunqiquan','sunqiquan','00','sunqiquan@126.com','','0','','$2a$10$wemJ/wYgGoSTHdVgAeGHBukPqnHi.TekYdt7rdOjckeSnQcqI8vCK','0','0','',NULL,'','2024-10-08 11:09:22','',NULL,NULL),(42,NULL,'wufei','wufei','00','wufei@126.com','','0','','$2a$10$G7HGJdQuyrMXgN3TlDdA0uRQ7HX4nFQhY0qTPF9w2hxzXHAE14SVa','0','0','',NULL,'','2024-10-08 11:11:55','',NULL,NULL),(43,NULL,'wangwenwen','wangwenwen','00','wangwenwen@163.com','','0','','$2a$10$15KkrvTUloM7cQMC8mrorui6glZS4EUIchdRR6cxS5k42bdNL/ksu','0','0','',NULL,'','2024-10-08 11:12:31','',NULL,NULL),(44,NULL,'jiangxin','jiangxin','00','jiangxin@126.com','','0','','$2a$10$0ybJNnA8a2gKZBjQjT0dG.A.9QCNPczLCyGF5A64o1L/GaOHdaTY6','0','0','',NULL,'','2024-10-08 11:13:33','',NULL,NULL),(45,NULL,'jinshengtan','jinshengtan','00','jinshengtan@163.com','','0','','$2a$10$20kl0NYnp6S8/tmzehWp2Op4XE5uXSlyE214Fixljh1MzmCPJizDa','0','0','',NULL,'','2024-10-08 11:14:22','',NULL,NULL),(46,NULL,'xieqiyue','xieqiyue','00','xieqiyue@126.com','','0','','$2a$10$bu/j/BBlvu3ge.jooLqqAuVxQOXt2GfBOSB2Nz8rjFLbkAlgzd.i.','0','0','',NULL,'','2024-10-08 11:14:30','',NULL,NULL),(47,NULL,'chenlin','chenlin','00','chenlin@126.com','','0','','$2a$10$RNwBAF2Ix30CDV3UtvukW.rlBf3ik1Je.z/0R2VCUvNyIBCE4IGWG','0','0','',NULL,'','2024-10-08 11:15:13','',NULL,NULL),(48,NULL,'heqi','heqi','00','heqi@126.com','','0','','$2a$10$pfIf3v1TZhPbFdxEJIqoRu4LIyM3ikY/bbAzuARB4lkwSMHvU6s46','0','0','',NULL,'','2024-10-08 11:16:02','',NULL,NULL),(49,NULL,'zhouxuan','zhouxuan','00','zhouxuan@126.com','','0','','$2a$10$vfDka6Cpcu.gfn9aimNN3u46ToeavFgfgqT0.IfcciU3yezTC06K6','0','0','',NULL,'','2024-10-08 11:16:12','',NULL,NULL),(50,NULL,'xiazhaoyang','xiazhaoyang','00','xiazhaoyang@126.com','','0','','$2a$10$J4HYsLs0hJcmGUfMauv6pubeEmwxmzpTl3PPydal9ndBy1/9x8ism','0','0','',NULL,'','2024-10-08 11:17:21','',NULL,NULL),(51,NULL,'zhongyang','zhongyang','00','zhongyang@163.com','','0','','$2a$10$ax57Nh8ie7lu0zTF00CSy.Y0pt47kgOYGI9O.9l31Mfw71MDHMomi','0','0','',NULL,'','2024-10-08 11:17:59','',NULL,NULL),(52,NULL,'hejun','hejun','00','hejun@163.com','','0','','$2a$10$oG4TliZZwDvukueDtqjhze/r7g7pLUVt3yxknq0H/uqqFhRu/s2xO','0','0','',NULL,'','2024-10-08 11:18:43','',NULL,NULL),(53,NULL,'linhuiying','linhuiying','00','linhuiying@126.com','','0','','$2a$10$7ZL3SCDmmUPFrXxRsj603OZAmknoJWWf8FzdRVn/4Tg5LuWdHJoqu','0','0','',NULL,'','2024-10-08 11:20:45','',NULL,NULL),(54,NULL,'zhaohui','zhaohui','00','zhaohui@163.com','','0','','$2a$10$LpgjCOX.FB37s36EpnxDTOW.I3e2.4gcicB1puYo7g9i4SAh.xBeW','0','0','',NULL,'','2024-10-08 11:22:15','',NULL,NULL),(55,NULL,'jiangying','jiangying','00','jiangying@126.com','','0','','$2a$10$ix4Q9Q7goqFtpESqDMOO2OKrdwNHc09La0fVbFyTAp0TagE6sn0ni','0','0','',NULL,'','2024-10-08 11:22:44','',NULL,NULL),(56,NULL,'lili','lili','00','lili@163.com','','0','','$2a$10$VfXNXc7JX.MK/T.FscyPoetb36DhFyHYPwk4UUK.su/ELxl1abLpK','0','0','',NULL,'','2024-10-08 11:22:55','',NULL,NULL),(57,NULL,'jiangchaowei','jiangchaowei','00','jiangchaowei@126.com','','0','','$2a$10$kqH7lx/IzswsQQDiiMwO7.gdny.C9ii93xROnh1YSw5nUo3KOUeXK','0','0','',NULL,'','2024-10-08 11:23:33','',NULL,NULL),(58,NULL,'songliuyang','songliuyang','00','songliuyang@163.com','','0','','$2a$10$VpPtrnc/CyQE.7ZrERuWr.kauTaGsePNdWMEAMJLsT23fNaSSyQt.','0','0','',NULL,'','2024-10-08 11:24:08','',NULL,NULL),(59,NULL,'licongsheng','licongsheng','00','licongsheng@163.com','','0','','$2a$10$/5c2yehT67OFo5f2rh61Muj2fPrT1lS95vnhMIaGu6d7m0OrD9svW','0','0','',NULL,'','2024-10-08 11:24:32','',NULL,NULL),(60,NULL,'yetingli','yetingli','00','yetingli@126.com','','0','','$2a$10$v4/CbaSdCLckrIynoaDTkeef69M9I9R6katvfg8WYbq7rhnI7u3Gy','0','0','',NULL,'','2024-10-08 11:25:41','',NULL,NULL),(61,NULL,'wangxinyu','wangxinyu','00','wangxinyu@126.com','','0','','$2a$10$SDIHkVplOGaN1o13UEdS9uPQHhkV3MyIvTPbuL1AUR0QINxCoe61.','0','0','',NULL,'','2024-10-08 11:26:17','',NULL,NULL),(62,NULL,'qianxuanyi','qianxuanyi','00','qianxuanyi@163.com','','0','','$2a$10$GRwighBzTxVXr1NnYHUHduxty/96tsm2tF5Rq7t.VCyPFJUUE72cu','0','0','',NULL,'','2024-10-08 11:26:24','',NULL,NULL),(63,NULL,'pengjun','pengjun','00','pengjun@126.com','','0','','$2a$10$YRIOWHNpk76qG6L5ffl6zuCRXsgfyJWbS.bUEsRsaGWkQsYv9q6HW','0','0','',NULL,'','2024-10-08 11:27:24','',NULL,NULL),(64,NULL,'xiongchuan','xiongchuan','00','xiongchuan@126.com','','0','','$2a$10$O7tMqD69/KhNrmo768IhOeifhII/Hg4WvBnZDsGHpiMJ0GpnkzDny','0','0','',NULL,'','2024-10-08 11:27:29','',NULL,NULL),(65,NULL,'liping','liping','00','liping@126.com','','0','','$2a$10$5jf1uuPU0exOQ.Qi42Uy7uifjiUAwDhif7rQpyYlX4aXOK7HVMinK','0','0','',NULL,'','2024-10-08 11:29:45','',NULL,NULL),(66,NULL,'lizeyan','lizeyan','00','lizeyan@126.com','','0','','$2a$10$V0sCo7ujBJhOZYAuMlGycuWNTzmKe5aHWddyQZxcELsTD0hUxSvqO','0','0','',NULL,'','2024-10-08 11:30:25','',NULL,NULL),(67,NULL,'huangjianjun','huangjianjun','00','huangjianjun@163.com','','0','','$2a$10$sOnsQYsSnvTiOyrY8XGugOiMwTVBZVOgbb0jJQOdTvA1RKe2HiWHK','0','0','',NULL,'','2024-10-08 11:31:02','',NULL,NULL),(68,NULL,'wangchengguo','wangchengguo','00','wangchengguo@126.com','','0','','$2a$10$bn2NlxfWQ.du7xx93jvvyus.nSyWnq6YS7/T0gCdoPfmGlGkHq2SC','0','0','',NULL,'','2024-10-08 11:31:10','',NULL,NULL),(69,NULL,'lvshibei','lvshibei','00','lvshibei@126.com','','0','','$2a$10$d4giOb1y1.sXYx4Kdd9gOOC8hGdWdD/j8Tln3Mi2eZuHsJfgFvXnq','0','0','',NULL,'','2024-10-08 11:31:59','',NULL,NULL),(70,NULL,'tangyong','tangyong','00','tangyong@126.com','','0','','$2a$10$mtyWwsivapPaumZF9R0qiuSDfZlLe7M24FzmabXwHaVXqfIeoRMP6','0','0','',NULL,'','2024-10-08 11:32:47','',NULL,NULL),(71,NULL,'shencong','shencong','00','shencong@163.com','','0','','$2a$10$oWMQVf2EU7wfcfZBbTHAb.WV1WPNbN40JvmTubvNG3wNiSMRXmcHG','0','0','',NULL,'','2024-10-08 11:32:51','',NULL,NULL),(72,NULL,'songxiaoyun','songxiaoyun','00','songxiaoyun@126.com','','0','','$2a$10$MO3wrpT4Jw5oICnjCP8Pz.UY75ZjqnKRIseCRK8nV8vRtY99w6.8C','0','0','',NULL,'','2024-10-08 11:33:34','',NULL,NULL),(73,NULL,'songhongwen','songhongwen','00','songhongwen@163.com','','0','','$2a$10$/1d7N83zEe2fffusLgY./OE8dISTHUiqTNdiqdTis8o.d4sB5B7MS','0','0','',NULL,'','2024-10-08 11:41:00','',NULL,NULL),(74,NULL,'wulingling','wulingling','00','wulingling@126.com','','0','','$2a$10$O5eXZ3xX/mh/fVgF8m5jP.ys3Llpz5gUkPeMDH73JzCjcSn/Zx29.','0','0','',NULL,'','2024-10-08 17:47:48','',NULL,NULL),(75,NULL,'wangkun','wangkun','00','wangkun@126.com','','0','','$2a$10$Oj.0NYVbr4Cyslj/ibZ1..phdaC8oaCsmiplS64Sk8jCGr0X3fKbq','0','0','',NULL,'','2024-10-08 17:48:27','',NULL,NULL),(76,NULL,'ningzhiyuan','ningzhiyuan','00','ningzhiyuan@126.com','','0','','$2a$10$AT5.pdZwE809y6dCnObMv.pSNkXgukaM3xiHTxz3IoQsnS7iBXgBK','0','0','',NULL,'','2024-10-08 17:49:04','',NULL,NULL),(77,NULL,'wuchangyuan','wuchangyuan','00','wuchangyuan@126.com','','0','','$2a$10$SbLBpbb8Wew5SRffYrGQdubD31bjuppQ8lry36lfcWAf4Vgb67thS','0','0','',NULL,'','2024-10-08 17:50:09','',NULL,NULL),(78,NULL,'lixun','lixun','00','lixun@126.com','','0','','$2a$10$wDTWavq2U.v4s9N1/D3OoOUR/DESmZS8ccxtjnC.S2CqzPnR/bT0e','0','0','',NULL,'','2024-10-08 17:50:40','',NULL,NULL),(79,NULL,'dingzheli','dingzheli','00','dingzeli@126.com','','0','','$2a$10$qJbC3d6pPRqu.MvdTyVcE.YLMBWy00eOsQHMjeNiOtPgq1hAQQcPm','0','0','',NULL,'','2024-10-08 17:54:08','',NULL,NULL),(80,NULL,'fangyuanyuan','fangyuanyuan','00','fangyuanyuan@126.com','','0','','$2a$10$W5nMtNIW6tzrVr9zNTAfae9r/xFZXJCLls8TqIN88bLIpYM3IsV2a','0','0','',NULL,'','2024-10-08 17:54:57','',NULL,NULL),(81,NULL,'xieyufei','xieyufei','00','xieyufei@126.com','','0','','$2a$10$UcO1SKvJW5UGKNqIW31ig.fQ.5dRqBQdk3l6mwbgAnTIpP0qDcCHe','0','0','',NULL,'','2024-10-08 17:55:47','',NULL,NULL),(82,NULL,'xieluding','xieluding','00','xieluding@126.com','','0','','$2a$10$IlA2o9FTRhhiGKp7wDYYiOInr2jwvxwN/XpNsMo6Ut3MZFsfFVo36','0','0','',NULL,'','2024-10-08 17:56:43','',NULL,NULL),(83,NULL,'wangxuri','wangxuri','00','wangxuri@126.com','','0','','$2a$10$nafk0dycgsvC95VZWaBlf./OWYWoUY4XAyI/bOPZ1TRkqRq3IjpyC','0','0','',NULL,'','2024-10-08 17:57:28','',NULL,NULL),(84,NULL,'lihanwen','lihanwen','00','6582846279@qq.com','','0','','$2a$10$KqNuJs5WiHXwb.iV.OBAgeyigm2IFTfT/qnCOvC1UWGpFthgzUJPy','0','0','',NULL,'','2024-10-08 19:03:49','',NULL,NULL),(85,NULL,'wangwei','wangwei','00','8564719514@qq.com','','0','','$2a$10$Dbu97xo6e7zl1ijBhDMAAO1E/dgTW.rG7pZlqh1mqF9B.4u/N1VoG','0','0','',NULL,'','2024-10-08 19:06:05','',NULL,NULL),(86,NULL,'herenqi','herenqi','00','1536456921@qq.com','','0','','$2a$10$NoTmVET5aV7eMuwzeGbCVu61UBVDAr4IbHgixy3JPkAfsW8wmLjCS','0','0','',NULL,'','2024-10-08 19:07:53','',NULL,NULL),(87,NULL,'xiewendong','xiewendong','00','3546289914@qq.com','','0','','$2a$10$G90if7dCq9LWbpyhe4XuJ.bAsFlUEZFW9VSbPQlWXUlqXnhPeGvvW','0','0','',NULL,'','2024-10-08 19:10:14','',NULL,NULL),(88,NULL,'luxian','luxian','00','7548369248@qq.com','','0','','$2a$10$jvnswqxvOUmXpmgzgz1b4.ugohUzZ4YqSqrzBwPQPBSyF4mkbKX2e','0','0','',NULL,'','2024-10-08 19:11:49','',NULL,NULL),(89,NULL,'zhangreixi','zhangreixi','00','3846821594@qq.com','','0','','$2a$10$nb9bWFaWNHZfvcCvm.aRDuArckPVyvqztqVNF8jztCil5XEdifwwO','0','0','',NULL,'','2024-10-08 19:16:37','',NULL,NULL),(90,NULL,'xieyun','xieyun','00','xieyun@163.com','','0','','$2a$10$coGtTbZY5a1FmtNWu9Ez6.OHljgVObFyUL.lnK4BTEyW8hlhAtdda','0','0','',NULL,'','2024-10-08 19:16:51','',NULL,NULL),(91,NULL,'fengjianye','fengjianye','00','fengjianye@163.com','','0','','$2a$10$ZgkQGidqBaGzEeaVs/psBuQ/lLqsLjhJLuVyVgBN.kaNyL8aDL18q','0','0','',NULL,'','2024-10-08 19:18:30','',NULL,NULL),(92,NULL,'liutao','liutao','00','2654789315@qq.com','','0','','$2a$10$B9L5ZBA3AgNGRfvfTubDDOoXDymajPl0jhu4RUfysqI2XAQJb4vJy','0','0','',NULL,'','2024-10-08 19:19:12','',NULL,NULL),(93,NULL,'mengchuan','mengchuan','00','mengchuan@126.com','','0','','$2a$10$Ib3htpMAbuL4oFBGmASWuOE.Iw7XMd4/WjTSPC.jiDrXaxrzEuTOK','0','0','',NULL,'','2024-10-08 19:19:43','',NULL,NULL),(94,NULL,'tangguo','tangguo','00','9564821685@qq.com','','0','','$2a$10$Y..bFCZsjCiv7LAegChqROWLT8isVC3NnwjGhZ8g.SgTvymRLpMte','0','0','',NULL,'','2024-10-08 19:20:29','',NULL,NULL),(95,NULL,'zhouqingchun','zhouqingchun','00','zhouqingchun@126.com','','0','','$2a$10$OMN2.OTUtECah320gB4az.DHKjEbJqKIQ4Tbn.VDcj2R9rtw8nCHS','0','0','',NULL,'','2024-10-08 19:20:58','',NULL,NULL),(96,NULL,'fangzheng','fangzheng','00','fangzheng@126.com','','0','','$2a$10$NG.lwIe0lq7cUB0Fm0jwyuMwe1m4ZoHchojnVacriOX3.PbWNk7cW','0','0','',NULL,'','2024-10-08 19:22:08','',NULL,NULL),(97,NULL,'jiangjiale','jiangjiale','00','7496156231@qq.com','','0','','$2a$10$V9Cja4PVCx5uXZYCc0rnI.Q9jg42TEOQpMHuun9wbT8948ojZmx76','0','0','',NULL,'','2024-10-08 19:23:08','',NULL,NULL),(98,NULL,'dongzhongshu','dongzhongshu','00','dongzhongshu@163.com','','0','','$2a$10$5uRwCdtWjf0LoonY1bqCw.fVeHZWq8ylNiSl0edXCF46MXg43lJw6','0','0','',NULL,'','2024-10-08 19:23:31','',NULL,NULL),(99,NULL,'liujiaqi','liujiaqi','00','1654826915@qq.com','','0','','$2a$10$6awmz9D.kVp4EiQPzLtKIu2KDNcTzpgZ1V928EEbWeewVPYcDg4z2','0','0','',NULL,'','2024-10-08 19:25:14','',NULL,NULL),(100,NULL,'xiangqianyu','xiangqianyu','00','xiangqianyu@126.com','','0','','$2a$10$.vLP6U52ioLXOFc3Om901.s7BNOm5RTDSDDs7VCA/ltEOp4OfShqi','0','0','',NULL,'','2024-10-08 19:25:53','',NULL,NULL),(101,NULL,'liuchen','liuchen','00','liuchen@163.com','','0','','$2a$10$3T8QgUbrII0P1fGevZ2f8uTPDToNz1e5O1aprCWPvQmwdzeODmey6','0','0','',NULL,'','2024-10-08 19:27:00','',NULL,NULL),(102,NULL,'yuningbo','yuningbo','00','3695481265@qq.com','','0','','$2a$10$bThWmUtEJu.C62ks7C/eBeoQaZJCLwTGSJWpowl7b.vm86SPmk7MC','0','0','',NULL,'','2024-10-08 19:29:27','',NULL,NULL),(103,NULL,'zhangmin','zhangmin','00','zhangmin@126.com','','0','','$2a$10$r8OHB7mA.7cP5eYuz7FPIuZCdqDV.OwoTu9fLsTBb/.C7LjrsvL0m','0','0','',NULL,'','2024-10-08 19:29:39','',NULL,NULL),(104,NULL,'jiangjilin','jiangjilin','00','jiangjilin@126.com','','0','','$2a$10$l2X2uOTDqGBpLLZg9Q2w4./FjFsz8Trko7Zb9x0WoRnZhhiCzAIve','0','0','',NULL,'','2024-10-08 19:31:02','',NULL,NULL),(105,NULL,'yujinhong','yujinhong','00','4859632584@qq.com','','0','','$2a$10$Hb7cV2HhH3uetFpsctU.tuD3D5Nk5pmehmzNBXuZG0fCcO4cdDx9y','0','0','',NULL,'','2024-10-08 19:31:13','',NULL,NULL),(106,NULL,'wangcan','wangcan','00','wangcan@126.com','','0','','$2a$10$8Ei6MBQxHA.CjJBI87haQus0Jx3V1himtwR5E3FtIpe.mMzdUJz7S','0','0','',NULL,'','2024-10-08 19:31:50','',NULL,NULL),(107,NULL,'lijiaqi','lijiaqi','00','5264851635@qq.com','','0','','$2a$10$cyB6p30/WkRRlqsVmJNDjuszsXSAzqrMxx3bvBFF.lAothZ3MWnvu','0','0','',NULL,'','2024-10-08 19:32:49','',NULL,NULL),(108,NULL,'luoyin','luoyin','00','luoyin@126.com','','0','','$2a$10$SZm0wdrYtZbuFo1As8GRO.nZs8Y9D1/EtSWIdJerv5PaMHlZqW1EK','0','0','',NULL,'','2024-10-08 19:34:08','',NULL,NULL),(109,NULL,'zhangqingshui','zhangqingshui','00','zhangqingshui@126.com','','0','','$2a$10$Hv6a21da3j78yn7KFCZzyeA4mS5dbTIaXJQwkm0OOtDoPdA4LMgeq','0','0','',NULL,'','2024-10-08 19:35:05','',NULL,NULL),(110,NULL,'penglijuan','penglijuan','00','2146953157@qq.com','','0','','$2a$10$rlb3pllZeDw7d06h5AScbutvHKSn7M6MgzTFCcMjPGZeoP01aUZMS','0','0','',NULL,'','2024-10-08 19:35:17','',NULL,NULL),(111,NULL,'yaosuiyu','yaosuiyu','00','yaosuiyu@163.com','','0','','$2a$10$/KoOSBaHtO7HsJ4lDbBnPO.dS7s6TOERIoMWBwFBFMUwTxDzSATb.','0','0','',NULL,'','2024-10-08 19:36:24','',NULL,NULL),(112,NULL,'linyu','linyu','00','linyu@126.com','','0','','$2a$10$MjZkRQDBOsOfAD.llo54Ge3Ts2DzHxQAGLiQxwruGprB6aIrKzES2','0','0','',NULL,'','2024-10-08 19:37:49','',NULL,NULL),(113,NULL,'huangyili','huangyili','00','1692548317@qq.com','','0','','$2a$10$Nt2E1gZpZyqes39Ktb2tZ.Up26PtYkTx7L6pmanNI6IG0nm1e9G9u','0','0','',NULL,'','2024-10-08 19:37:56','',NULL,NULL),(114,NULL,'zhouhao','zhouhao','00','zhouhao@163.com','','0','','$2a$10$HGUVrEBUrUuHxyudbuQY6OOEiLaqz3gHS4SQEv2VNOgDe03GxIJuy','0','0','',NULL,'','2024-10-08 19:38:39','',NULL,NULL),(115,NULL,'heyaoxian','heyaoxian','00','6951482367@qq.com','','0','','$2a$10$XCxvtglfLxBsHw8NApLEXee30NhR9AG0jUZv9on0U1BIi/MPFq4Le','0','0','',NULL,'','2024-10-08 19:40:08','',NULL,NULL),(116,NULL,'wuhui','wuhui','00','wuhui@126.com','','0','','$2a$10$Dcp69sSVJToQEo9EuH79V.QCI/xVrV4L.8JTBmt2Bib0y.2LUrwSm','0','0','',NULL,'','2024-10-08 19:40:15','',NULL,NULL),(117,NULL,'liuyejiang','liuyejiang','00','liuyejiang@126.com','','0','','$2a$10$v5eLHOanqlko0icoi/Nqe.rN3j.wB9VxJ32dM6ZZ7nZk6/Y9z3yCO','0','0','',NULL,'','2024-10-08 19:41:28','',NULL,NULL),(118,NULL,'likangxin','likangxin','00','5846254816@qq.com','','0','','$2a$10$0YB79ljfos6Jd5.VAcILTeOnTWGvywK66otAN91dTW.Jnq7v.nQHG','0','0','',NULL,'','2024-10-08 19:42:06','',NULL,NULL),(119,NULL,'liuzhi','liuzhi','00','liuzhi@126.com','','0','','$2a$10$uMhFzsX0S/JkAIf8LSOz0u3OLVCQBGflVlnHh1gi2IXZ170mnkumy','0','0','',NULL,'','2024-10-08 19:42:47','',NULL,NULL),(120,NULL,'wangfeng','wangfeng','00','wangfeng@126.com','','0','','$2a$10$.f9KLxqM2.V4RK3nOrmsIOEb7hhEjrei9SEcPTQ5k.8JOBAZvSwsK','0','0','',NULL,'','2024-10-08 19:44:11','',NULL,NULL),(121,NULL,'daijinlin','daijinlin','00','8431649145@qq.com','','0','','$2a$10$ohi3kRMTIwtNeW1kQRkeoePyD4VjKzLOITjVlPHAgznjC4bdEcDKO','0','0','',NULL,'','2024-10-08 19:44:32','',NULL,NULL),(122,NULL,'xiehaile','xiehaile','00','3164949617@qq.com','','0','','$2a$10$DWvmY0e4PxD8/gKUQxK9oeCcdGm3zCZXR1pvzM1o3STpg3AdpfzxO','0','0','',NULL,'','2024-10-08 19:45:53','',NULL,NULL),(123,NULL,'liqingshui','liqingshui','00','liqingshui@126.com','','0','','$2a$10$sKhn2V8s9NQdl0fLwfoF4Ov0haxfXwz9Qu9Fh5g0BXQDEqC6U2QqO','0','0','',NULL,'','2024-10-08 19:47:26','',NULL,NULL),(124,NULL,'lixiaohai','lixiaohai','00','9147536173@qq.com','','0','','$2a$10$X84VSJx1b1iTltvZfKmVi.kMr93Rf9x7NRZZCLg772lLFUJTxJxWi','0','0','',NULL,'','2024-10-08 19:47:45','',NULL,NULL),(125,NULL,'biansheng','biansheng','00','biansheng@163.com','','0','','$2a$10$hzwcE2WMq7M9sPU5tCqkBeMNo.8YGuQi3l8Wb8KfmvFTmz6bhkwge','0','0','',NULL,'','2024-10-08 19:48:12','',NULL,NULL),(126,NULL,'jiangxiaohao','jiangxiaohao','00','2647914765@qq.com','','0','','$2a$10$T8qadkWKhIbZnDSQ/C2JreNzU1NWQsn/rorzl.Sdrlq6mTloU2Zyi','0','0','',NULL,'','2024-10-08 19:49:28','',NULL,NULL),(127,NULL,'chennian','chennian','00','chennian@126.com','','0','','$2a$10$CQJ/qVTH3zR7aLK6WiREpecc2jakcyexj4OPm0gPzwJOLQqyr.kde','0','0','',NULL,'','2024-10-08 19:49:44','',NULL,NULL),(128,NULL,'lichenggang','lichenggang','00','7854612413@qq.com','','0','','$2a$10$7iAm0zx5W32KYvltXRpUouE0bL2b1cNQIRhZSWci/KRfL49kYq.8K','0','0','',NULL,'','2024-10-08 19:51:38','',NULL,NULL),(129,NULL,'zhoushu','zhoushu','00','zhoushu@126.com','','0','','$2a$10$uHVFRYPd697QC/7dvXoE1u8lj3K.ftrHyesJoyG.i6c..rrO2S1S2','0','0','',NULL,'','2024-10-08 19:52:00','',NULL,NULL),(130,NULL,'zhangyao','zhangyao','00','3654915884@qq.com','','0','','$2a$10$P6SkGA4PqETrDG3AZ8sjheUf3R43O5DYRfwvA8YR./dfYYPBKww16','0','0','',NULL,'','2024-10-08 19:53:31','',NULL,NULL),(131,NULL,'jiaping','jiaping','00','jiaping@163.com','','0','','$2a$10$B67Sv01kTc59wxTFLERDE.YcgdJdCpjTUC9jbV1VquvsLzEV4mtCO','0','0','',NULL,'','2024-10-08 19:53:36','',NULL,NULL),(132,NULL,'xujianfeng','xujianfeng','00','xujianfeng@126.com','','0','','$2a$10$.WGAIXJDzgz3o5J6sIj3K.xmIKR6PWXHYNg4rqDozctUQqL9Q5zJG','0','0','',NULL,'','2024-10-08 19:54:29','',NULL,NULL),(133,NULL,'luoxiang','luoxiang','00','9584125627@qq.com','','0','','$2a$10$BhMMxDugBNctWnOYqpBrCO2I0Bh77MNudOforOu5ZB9lIJxhgg1AK','0','0','',NULL,'','2024-10-08 19:54:38','',NULL,NULL),(134,NULL,'daitu','daitu','00','daitu@126.com','','0','','$2a$10$4rCAwJDy.GlSs2vPav7UCOSmWcsi2/PJbCtFRe.62ulhZwtH4COyW','0','0','',NULL,'','2024-10-08 19:56:02','',NULL,NULL),(135,NULL,'huangyujie','huangyujie','00','5614524521@qq.com','','0','','$2a$10$v.n1YaXSD9xp2Cd.1N08beSMQ4qa3tt3nQuplw/78J/T1A2g1p4yi','0','0','',NULL,'','2024-10-08 19:56:31','',NULL,NULL),(136,NULL,'dengyuang','dengyuang','00','3214568424@qq.com','','0','','$2a$10$eK3hxSkngheSEdnRwYOFRuoSZCwS6bIF5EqbPIW0sY/Cg7b3T85NS','0','0','',NULL,'','2024-10-08 19:58:25','',NULL,NULL),(137,NULL,'zhouyu','zhouyu','00','zhouyu@126.com','','0','','$2a$10$YaPYzRUqHLG4Ly6IgjnB/OyZ.9r0pskaByiX0D6jltTfpPJiy9TI2','0','0','',NULL,'','2024-10-08 19:58:29','',NULL,NULL),(138,NULL,'liyifan','liyifan','00','6974851563@qq.com','','0','','$2a$10$BR6ibNiqkI84MVqIK.jbuO6g9AohP36mzWSoZOozqzBP1qj/lKPXW','0','0','',NULL,'','2024-10-08 20:00:24','',NULL,NULL),(139,NULL,'zhnagjie','zhnagjie','00','5848157935@qq.com','','0','','$2a$10$Zj2g6kFm8A2WCGGo8/LUeOyLsBIO.qWc6IOtUyahQnYd1eIkyodp6','0','0','',NULL,'','2024-10-08 20:02:09','',NULL,NULL),(140,NULL,'maziping','maziping','00','7596145264@qq.com','','0','','$2a$10$wkKTNq4AR0cwsX7eq5PrVehDxE1b.CGB//fTsQ313ZTC6eAc2U/U2','0','0','',NULL,'','2024-10-08 20:03:32','',NULL,NULL),(141,NULL,'qianxueseng','qianxueseng','00','9857514526@qq.com','','0','','$2a$10$ofXREezQ8WrHXOlk7mPc9uzVyAUda9p.sBTcJsOqF/.wx/E3mMJoW','0','0','',NULL,'','2024-10-08 20:17:27','',NULL,NULL),(142,NULL,'jiangchao','jiangchao','00','8657485125@qq.com','','0','','$2a$10$Jh22P5yRcr8Qs/rfrzx.juA4bdb60WWdmzqdhUUalvAWEKgRqvWKi','0','0','',NULL,'','2024-10-08 20:19:05','',NULL,NULL),(143,NULL,'tangjiafeng','tangjiafeng','00','1451451143@qq.com','','0','','$2a$10$0XsX2NSjcA.yCD9ggj/iO.5oXql55kKgjAEJVp8p7M/Fr/bZFnlza','0','0','',NULL,'','2024-10-08 20:50:14','',NULL,NULL),(144,NULL,'tanjuanjuan','tanjuanjuan','00','8564821456@qq.com','','0','','$2a$10$5JfIwxmFj3JsEcyoxdgy7uv0lyet8EsDLHOnFc2yOyiU3VuO7Ae0i','0','0','',NULL,'','2024-10-08 20:51:42','',NULL,NULL),(145,NULL,'zhaoyuxin','zhaoyuxin','00','2648147134@qq.com','','0','','$2a$10$W8W1n5/92EZYT9KR7mgTsuFnu/9idr5/LocGUXmxZUAJqTHNdMUfS','0','0','',NULL,'','2024-10-08 20:54:06','',NULL,NULL),(146,NULL,'huanghan','huanghan','00','9868541431@qq.com','','0','','$2a$10$MiYTONNS4646qvp9.CNBNOvvafSGkpIC3vk4hyHuZr.D4ZzniQqOm','0','0','',NULL,'','2024-10-08 20:55:26','',NULL,NULL),(147,NULL,'huangjinxing','huangjinxing','00','2546963241@qq.com','','0','','$2a$10$zO1dz1Uz/66GujW6m/t19uYp8nRWz.qy/bsOFkupZYCaRj7bFKacu','0','0','',NULL,'','2024-10-08 20:57:16','',NULL,NULL),(148,NULL,'lijunyang','lijunyang','00','1874151573@qq.com','','0','','$2a$10$MiPHmI/gWN4VES/C.F0HeecfCYgBjcSi.2T47qAkQ0bQ5ttPrvIre','0','0','',NULL,'','2024-10-08 20:59:26','',NULL,NULL),(149,NULL,'zhouyuesheng','zhouyuesheng','00','6478591475@qq.com','','0','','$2a$10$B.2ozpwNSAy4ef8fvdHZHeaSCzXlB0zrKU9ggGMTINBygiJ27CyKO','0','0','',NULL,'','2024-10-08 21:01:49','',NULL,NULL),(150,NULL,'sunxiaoyang','sunxiaoyang','00','7548693214@qq.com','','0','','$2a$10$zGe/HYnv2Wv0Ml78HUhUfuZ3IWDuXNPvck1isHBxhvgrNKn1Le87u','0','0','',NULL,'','2024-10-08 21:04:13','',NULL,NULL),(151,NULL,'yuanhongsheng','yuanhongsheng','00','3958746158@qq.com','','0','','$2a$10$Ci/Wlh9.k1TmutShxaCAV.uu.T8/tjn/HczwvnGd7xgtY1EVrAFSy','0','0','',NULL,'','2024-10-08 21:05:16','',NULL,NULL),(152,NULL,'zhongbin','zhongbin','00','7598486825@qq.com','','0','','$2a$10$RNTH8h/bW42j0oKOZzv6Oe6jZKPEMaE35MC.DKvrfWYDjtf1occaS','0','0','',NULL,'','2024-10-08 21:06:37','',NULL,NULL),(153,NULL,'hezida','hezida','00','6931475268@qq.com','','0','','$2a$10$4AKczZUv1QK3csfLYvI/IOMGc8LnjJq.kSjO9MpfSaUUcSzb38GTK','0','0','',NULL,'','2024-10-08 21:09:29','',NULL,NULL),(154,NULL,'zhouxiangyi','zhouxiangyi','00','8754156384@qq.com','','0','','$2a$10$Co8IlOHtJ.VbzFhemO9IseRrzhV7lVi6l/YnGzhexpxAD7gCR0qkK','0','0','',NULL,'','2024-10-08 21:12:01','',NULL,NULL),(155,NULL,'lizhixiong','lizhixiong','00','3674518295@qq.com','','0','','$2a$10$XHFnYPMNGghe1h2vfjgk1.ey5UElm17ePOQjJZCIp7W4uL7Bef8LK','0','0','',NULL,'','2024-10-08 21:16:11','',NULL,NULL),(156,NULL,'lilinli','lilinli','00','135665223@qq.com','','0','','$2a$10$0uIOQJ7y5WNex/4rH8Ig0eNIE8LXl4KOHgq9uWZXNdsGXUoAhqxHC','0','0','',NULL,'','2024-10-08 21:18:06','',NULL,NULL),(157,NULL,'hongshnagtao','hongshnagtao','00','7589417548@qq.com','','0','','$2a$10$0bqbrnAImkKDuwCjvp9NuOjS7HXEHPDIFvbwMFEDgTRDTgBE//Pxu','0','0','',NULL,'','2024-10-08 21:18:54','',NULL,NULL),(158,NULL,'lvzejiong','lvzejiong','00','1584267451@qq.com','','0','','$2a$10$/2v5Lt36JPtcMzzXfXKAuO9nvuzUsEV3FfrJ4QzfFaZ0qX7hvf37S','0','0','',NULL,'','2024-10-08 21:20:34','',NULL,NULL),(159,NULL,'xujiani','xujiani','00','3084047043@qq.com','','0','','$2a$10$D7K7WnrD4vG5XZ/K.dynHOA5f8KtsM3fR2C0z0SqXfsExEZ.K6IQm','0','0','',NULL,'','2024-10-08 21:22:02','',NULL,NULL),(160,NULL,'guohancheng','guohancheng','00','56654151@qq.com','','0','','$2a$10$nE855hvD4zhd.MlUR5rNCeGWaAhQNxter8wPxIOIC19tVl8e9oZD2','0','0','',NULL,'','2024-10-08 21:22:17','',NULL,NULL),(161,NULL,'guoting','guoting','00','454563124@qq.com','','0','','$2a$10$K0SwNyLFb2Rp27FmrhNBu.adAnNdmmmrrp/iF.xTbAD/ArxRnIulO','0','0','',NULL,'','2024-10-08 21:23:23','',NULL,NULL),(162,NULL,'songyijie','songyijie','00','1684547504@qq.com','','0','','$2a$10$6JGll8uxR6OxMeQYf7zu4.B407WRdVTvDjAH7mmePl76DihhB9kIq','0','0','',NULL,'','2024-10-08 21:26:01','',NULL,NULL),(163,NULL,'xusheng','xusheng','00','7018100124@qq.com','','0','','$2a$10$c8VmS8agKOfFJloMIUbn8uILX.tQ0dbUtLXkOWY7NGOqHL882tsv2','0','0','',NULL,'','2024-10-08 21:30:10','',NULL,NULL),(164,NULL,'zhangqing','zhangqing','00','1974082484@qq.com','','0','','$2a$10$ftax4EKlaJ2.h72krdKkkOunvjFkbCmEjYLd4yy1kUh4dkRRHYi9q','0','0','',NULL,'','2024-10-08 21:31:00','',NULL,NULL),(165,NULL,'zhouxueting','zhouxueting','00','132153654@qq.com','','0','','$2a$10$lpJdu9MQxF.SZmveJnrYM./j1B50Cf2Cb7GkKf0WrevbZ.dHrANYO','0','0','',NULL,'','2024-10-08 21:32:28','',NULL,NULL),(166,NULL,'duanjing','duanjing','00','894616598@qq.com','','0','','$2a$10$35QhMJHQlG3.P0s9V0r8seXxtBto06BI29E6HpLeY95Pm2Neb8esK','0','0','',NULL,'','2024-10-08 21:33:08','',NULL,NULL),(167,NULL,'zhangzhiwu','zhangzhiwu','00','685432187@qq.com','','0','','$2a$10$eRfm2GlhxFvoFZOV8A7L8ushRZsrXLoC8KWeFOPmFe5QIlYGilFEe','0','0','',NULL,'','2024-10-08 21:33:54','',NULL,NULL),(168,NULL,'zhangxiangyang','zhangxiangyang','00','654562288@qq.com','','0','','$2a$10$mRPnI6kRSUrBaq/j7Zfkg.tpzKRPeBt/h8ABkkRejotgWa5oRTX2S','0','0','',NULL,'','2024-10-08 21:34:49','',NULL,NULL),(169,NULL,'liuxiaohui','liuxiaohui','00','65464513@qq.com','','0','','$2a$10$nkAkU6bTL/vbbnRBxrtJ8u2x.tYwArtceb443pgbACOK/2/i0qcV6','0','0','',NULL,'','2024-10-08 21:35:48','',NULL,NULL),(170,NULL,'huwei','huwei','00','645644534@qq.com','','0','','$2a$10$cpNejqjN2aWJwILzYU/jU.k7ONfpx3MNOTZ7QCFsdteLGDH34Q/dS','0','0','',NULL,'','2024-10-08 21:37:21','',NULL,NULL),(171,NULL,'fangfang','fangfang','00','121132258@qq.com','','0','','$2a$10$A/ogch/iLlFgiEC8xaH2KuITCxkm9YyC/RIeplQ/2s/O01AUEM6K.','0','0','',NULL,'','2024-10-08 21:38:38','',NULL,NULL),(172,NULL,'liyan','liyan','00','123148989@qq.com','','0','','$2a$10$3H1iAMK1U.jgtqtUEYS1cej2lGYHnvOpPk8/PnZvWrk1N21NHwtwy','0','0','',NULL,'','2024-10-08 21:39:43','',NULL,NULL),(173,NULL,'yulinping','yulinping','00','654645589@qq.com','','0','','$2a$10$Wr5t77i0kNAIyulrTF2sZuE7j23eFjzC7ndtSVfnpPWtizBOxsqNC','0','0','',NULL,'','2024-10-08 21:40:57','',NULL,NULL),(174,NULL,'yuanjie','yuanjie','00','332312554@qq.com','','0','','$2a$10$GXmpA/YwS9o7wkGYtOAe5eZ2HyGKyzhQAJpQ2d9aFshCYGYzxILdG','0','0','',NULL,'','2024-10-08 21:43:33','',NULL,NULL),(175,NULL,'lisu','lisu','00','54564121@qq.com','','0','','$2a$10$L7G/1ebYGH7aiXdxYuvrR.QpAF2h5.B3XnJQIHBjxvNlZ5jxvf2VC','0','0','',NULL,'','2024-10-08 21:43:50','',NULL,NULL),(176,NULL,'quanke','quanke','00','852146625@qq.com','','0','','$2a$10$E7vWxv.TEqFtfZhdZ5szeuFMjOj2NwjqldTKfzvVCSRKs41IhljkW','0','0','',NULL,'','2024-10-08 21:45:07','',NULL,NULL),(177,NULL,'zhangbo','zhangbo','00','895896221@qq.com','','0','','$2a$10$AP7qehhiEfbh0LsLXnVHj.KSI.P8qj9rvgGzarpHVRXogW9qnoMHG','0','0','',NULL,'','2024-10-08 21:45:39','',NULL,NULL),(178,NULL,'duyu','duyu','00','131634464@qq.com','','0','','$2a$10$OvsmK8b9lqD.PzfbTO5fV.QY10Shz9eCFwnFNj1Q5Bm.upuEkf38G','0','0','',NULL,'','2024-10-08 21:46:25','',NULL,NULL),(179,NULL,'zhongyan','zhongyan','00','32256767@qq.com','','0','','$2a$10$95UYnhB2qokkOjKCh4KW5ukBlEtAtRzde0J1j/NtA/.0I.ObRGIq6','0','0','',NULL,'','2024-10-08 21:47:12','',NULL,NULL),(180,NULL,'yangzhi','yangzhi','00','716462313@qq.com','','0','','$2a$10$brsMqU3tWxZT4gavp9OeOeLy0vATABvqp7SE9s557fzjs9UvwLxm.','0','0','',NULL,'','2024-10-08 21:47:47','',NULL,NULL),(181,NULL,'yuran','yuran','00','231552668@qq.com','','0','','$2a$10$gCgwmeXX27Olbh1qp03YQu5MLXbe22fhvMRPboBn8HVjnZY6dmMsW','0','0','',NULL,'','2024-10-08 21:47:58','',NULL,NULL),(182,NULL,'xuchao','xuchao','00','32165685@qq.com','','0','','$2a$10$8OBnb/e3Qp6aLhFkDSUOgOPgcOEZwKX2Tqg0FaycIY9wnp8UB8UiW','0','0','',NULL,'','2024-10-08 21:48:45','',NULL,NULL),(183,NULL,'liubian','liubian','00','354966197@qq.com','','0','','$2a$10$Rekjuc3fvK4da3XD9o5Bnu9sQOdSX0UEKMjk5hTKKbfSeTDfpc4ui','0','0','',NULL,'','2024-10-08 21:49:20','',NULL,NULL),(184,NULL,'zhangrui','zhangrui','00','875461553@qq.com','','0','','$2a$10$jJWLijFZdxbGLYxSG832y.uLTdM8osYI.HoIxblw2TgPpvG4cFUXy','0','0','',NULL,'','2024-10-08 21:49:30','',NULL,NULL),(185,NULL,'wusuxi','wusuxi','00','123651255@qq.com','','0','','$2a$10$hgLU6Dbmxln/cIZqEZf2P.eRoau2hswLcyu6ZGWHXvpxwiPHz1xRW','0','0','',NULL,'','2024-10-08 21:50:11','',NULL,NULL),(186,NULL,'weiyang','weiyang','00','476431979@qq.com','','0','','$2a$10$HbSV7e6EfQ.rAAN97foYhuNWR9YEVzqrfN/C8sCOeEce8APkdJWe6','0','0','',NULL,'','2024-10-08 21:50:24','',NULL,NULL),(187,NULL,'caozhong','caozhong','00','128397123@qq.com','','0','','$2a$10$spwlvYANcv0AB3z5YQzwpOw1qUUx69wmCRCc3tISymwh3u3Z5KbhG','0','0','',NULL,'','2024-10-08 21:51:04','',NULL,NULL),(188,NULL,'chengyu','chengyu','00','67465131@qq.com','','0','','$2a$10$H48hKF5EAcesi2FUs63rW.GUhwAGHnPja96w/WAr5v17Cb5082Jrq','0','0','',NULL,'','2024-10-08 21:51:11','',NULL,NULL),(189,NULL,'sunhe','sunhe','00','5754131@qq.com','','0','','$2a$10$S1hFCtN9oqYJ8By.2Ow3deX4TZJ5gNYE9eG.ad1mQHTuD/jjCPqYK','0','0','',NULL,'','2024-10-08 21:52:02','',NULL,NULL),(190,NULL,'dengzhi','dengzhi','00','16346346@qq.com','','0','','$2a$10$lZCu9oankvkUfBsnAkqNSu9QlDATw19MupoGlRS8opfTSpQ3WO3hy','0','0','',NULL,'','2024-10-08 21:53:57','',NULL,NULL),(191,NULL,'lukai','lukai','00','197636235@qq.com','','0','','$2a$10$vLAFeQBjJZSoATkDNDBrPO7AG7UlEnreMIzxlue1DhNlou4PKHuJK','0','0','',NULL,'','2024-10-08 21:55:03','',NULL,NULL),(192,NULL,'kanchen','kanchen','00','26464679@qq.com','','0','','$2a$10$uDSHTDmy3qleWDOUxQNFqu.iGIg1VvqtexvEITEo8SerrA8eZkAue','0','0','',NULL,'','2024-10-08 22:04:18','',NULL,NULL),(193,NULL,'lvjun','lvjun','00','34974154@qq.com','','0','','$2a$10$GjmiMjz8u9XFra9Vaf9eNuVBT/zMZqNh4l0ilHiVmkehekxnmdFE6','0','0','',NULL,'','2024-10-08 22:05:02','',NULL,NULL),(194,NULL,'lvbo','lvbo','00','74316476@qq.com','','0','','$2a$10$CgLo5vC572EHJPuoaz5UCO0N2eVH/xDmzT/oYjuJkZysRcwUC.4Vu','0','0','',NULL,'','2024-10-08 22:06:09','',NULL,NULL),(195,NULL,'yangyi','yangyi','00','37946464@qq.com','','0','','$2a$10$gUYDr58ORAYpmcgqQ5laV.j1oqC8k0U1Su9YtnN.FLFp9qU6BM83a','0','0','',NULL,'','2024-10-08 22:07:02','',NULL,NULL),(196,NULL,'caoxi','caoxi','00','4641347@qq.com','','0','','$2a$10$WhxyL0h67KdBJDzGVx2QGeMOE5HYhhcRLKXGfK4wqhYdl7cYKvysa','0','0','',NULL,'','2024-10-08 22:07:54','',NULL,NULL),(197,NULL,'guotu','guotu','00','43636459@qq.com','','0','','$2a$10$.P.ngsXej/mq09vtidecTuHFKz4AKZ8662bmwfhpDrxtBx5h6XQUG','0','0','',NULL,'','2024-10-08 22:09:09','',NULL,NULL),(198,NULL,'sunhong','sunhong','00','35978964@qq.com','','0','','$2a$10$JMgQnXKMhy9jdd47IMf7K.TF1c04HRgmdqfx6oIzfePSTgcs0fc/O','0','0','',NULL,'','2024-10-08 22:09:43','',NULL,NULL),(199,NULL,'mahui','mahui','00','364949846@qq.com','','0','','$2a$10$KDXhZf/fF2RrIHflOKhU5.6n/3fvxRMw4WEaktpa7ro3WILEiRK0i','0','0','',NULL,'','2024-10-08 22:10:34','',NULL,NULL),(200,NULL,'yifeng','yifeng','00','17394361@qq.com','','0','','$2a$10$phHXua7ndsHMQJ3uWorxVusK.9daSHCN9lNa43fYVxGSNakCrhmNi','0','0','',NULL,'','2024-10-08 22:11:16','',NULL,NULL),(201,NULL,'xinqi','xinqi','00','34979464@qq.com','','0','','$2a$10$GKe.cVzyS7.M7YjYpoM4suF9x/7VySPwIScAabM.R8gy3.GEYyJrC','0','0','',NULL,'','2024-10-08 22:12:09','',NULL,NULL),(202,NULL,'shenqi','shenqi','00','31746514@qq.com','','0','','$2a$10$l24lzwWWeqCdKfIV0L2XIOMW7xwzIbuT.Wmiu3oi6dhj4oMp5UQfC','0','0','',NULL,'','2024-10-08 22:14:27','',NULL,NULL),(203,NULL,'gaoshun','gaoshun','00','3197974641@qq.com','','0','','$2a$10$dgR5KOm8SsWiFNM07JMzdugoCi1ZHxaaJ4MSN5EAF7/iSpy1Q0Y52','0','0','',NULL,'','2024-10-08 22:18:00','',NULL,NULL),(205,NULL,'guohuai','guohuai','00','3497411154@qq.com','','0','','$2a$10$zeIL.pWXinZsEu7fcrfts.22qatqbutZS3gB1RvA39kAKAzdM6Vsq','0','0','',NULL,'','2024-10-08 22:19:11','',NULL,NULL),(206,NULL,'guancang','guancang','00','79646131@qq.com','','0','','$2a$10$EzFuQuPeCY.dCUIOP1mJzeV9bMEhmScJIHQqNm32Fz/gRn707mE.e','0','0','',NULL,'','2024-10-08 22:19:55','',NULL,NULL),(207,NULL,'chenqun','chenqun','00','35297911644@qq.com','','0','','$2a$10$b/cYWlfAW4ISFHZHEO4A2ejGe5A.ZecRd.m0ZMS/2dXuS9KtgLvRy','0','0','',NULL,'','2024-10-08 22:21:09','',NULL,NULL),(208,NULL,'guquan','guquan','00','4135494163@qq.com','','0','','$2a$10$La.An65i3wO7kqFgRseWkeSnOkp/Fg3VLR4tx6sK19ysLXnciHlOi','0','0','',NULL,'','2024-10-08 22:21:46','',NULL,NULL);
/*!40000 ALTER TABLE `sys_user` ENABLE KEYS */;
UNLOCK TABLES;

--
-- Table structure for table `sys_user_post`
--

DROP TABLE IF EXISTS `sys_user_post`;
/*!40101 SET @saved_cs_client     = @@character_set_client */;
/*!50503 SET character_set_client = utf8mb4 */;
CREATE TABLE `sys_user_post` (
  `user_id` bigint NOT NULL COMMENT '用户ID',
  `post_id` bigint NOT NULL COMMENT '岗位ID',
  PRIMARY KEY (`user_id`,`post_id`)
) ENGINE=InnoDB DEFAULT CHARSET=utf8mb4 COLLATE=utf8mb4_0900_ai_ci COMMENT='用户与岗位关联表';
/*!40101 SET character_set_client = @saved_cs_client */;

--
-- Dumping data for table `sys_user_post`
--

LOCK TABLES `sys_user_post` WRITE;
/*!40000 ALTER TABLE `sys_user_post` DISABLE KEYS */;
/*!40000 ALTER TABLE `sys_user_post` ENABLE KEYS */;
UNLOCK TABLES;

--
-- Table structure for table `sys_user_role`
--

DROP TABLE IF EXISTS `sys_user_role`;
/*!40101 SET @saved_cs_client     = @@character_set_client */;
/*!50503 SET character_set_client = utf8mb4 */;
CREATE TABLE `sys_user_role` (
  `user_id` bigint NOT NULL COMMENT '用户ID',
  `role_id` bigint NOT NULL COMMENT '角色ID',
  PRIMARY KEY (`user_id`,`role_id`)
) ENGINE=InnoDB DEFAULT CHARSET=utf8mb4 COLLATE=utf8mb4_0900_ai_ci COMMENT='用户和角色关联表';
/*!40101 SET character_set_client = @saved_cs_client */;

--
-- Dumping data for table `sys_user_role`
--

LOCK TABLES `sys_user_role` WRITE;
/*!40000 ALTER TABLE `sys_user_role` DISABLE KEYS */;
INSERT INTO `sys_user_role` VALUES (1,1),(2,100),(3,101),(4,101),(5,100),(6,101),(7,100),(8,101),(9,101),(10,100),(11,100),(12,100),(13,100),(14,100),(15,100),(16,100),(17,100),(18,100),(19,100),(20,100),(21,100),(22,100),(23,100),(24,100),(25,100),(26,100),(27,100),(28,100),(29,100),(30,100),(31,100),(32,100),(33,100),(34,100),(35,100),(36,100),(37,100),(38,100),(39,100),(40,100),(41,100),(42,100),(43,100),(44,100),(45,100),(46,100),(47,100),(48,100),(49,100),(50,100),(51,100),(52,100),(53,100),(54,100),(55,100),(56,100),(57,100),(58,100),(59,100),(60,100),(61,100),(62,100),(63,100),(64,100),(65,100),(66,100),(67,100),(68,100),(69,100),(70,100),(71,100),(72,100),(73,100),(74,100),(75,100),(76,100),(77,100),(78,100),(79,100),(80,100),(81,100),(82,100),(83,100),(84,101),(85,101),(86,101),(87,101),(88,101),(89,101),(90,100),(91,100),(92,101),(93,100),(94,101),(95,100),(96,100),(97,101),(98,100),(99,101),(100,100),(101,100),(102,101),(103,100),(104,100),(105,101),(106,100),(107,101),(108,100),(109,100),(110,101),(111,100),(112,100),(113,101),(114,100),(115,101),(116,100),(117,100),(118,101),(119,100),(120,100),(121,101),(122,101),(123,100),(124,101),(125,100),(126,101),(127,100),(128,101),(129,100),(130,101),(131,100),(132,100),(133,101),(134,100),(135,101),(136,101),(137,100),(138,101),(139,101),(140,101),(141,101),(142,101),(143,101),(144,101),(145,101),(146,101),(147,101),(148,101),(149,101),(150,101),(151,101),(152,101),(153,101),(154,101),(155,101),(156,101),(157,101),(158,101),(159,101),(160,101),(161,101),(162,101),(163,101),(164,101),(165,101),(166,101),(167,101),(168,101),(169,101),(170,101),(171,101),(172,101),(173,101),(174,101),(175,101),(176,101),(177,101),(178,101),(179,101),(180,101),(181,101),(182,101),(183,101),(184,101),(185,101),(186,101),(187,101),(188,101),(189,101),(190,101),(191,101),(192,101),(193,101),(194,101),(195,101),(196,101),(197,101),(198,101),(199,101),(200,101),(201,101),(202,101),(203,101),(205,101),(206,101),(207,101),(208,101);
/*!40000 ALTER TABLE `sys_user_role` ENABLE KEYS */;
UNLOCK TABLES;
/*!40103 SET TIME_ZONE=@OLD_TIME_ZONE */;

/*!40101 SET SQL_MODE=@OLD_SQL_MODE */;
/*!40014 SET FOREIGN_KEY_CHECKS=@OLD_FOREIGN_KEY_CHECKS */;
/*!40014 SET UNIQUE_CHECKS=@OLD_UNIQUE_CHECKS */;
/*!40101 SET CHARACTER_SET_CLIENT=@OLD_CHARACTER_SET_CLIENT */;
/*!40101 SET CHARACTER_SET_RESULTS=@OLD_CHARACTER_SET_RESULTS */;
/*!40101 SET COLLATION_CONNECTION=@OLD_COLLATION_CONNECTION */;
/*!40111 SET SQL_NOTES=@OLD_SQL_NOTES */;

-- Dump completed on 2024-10-18 16:35:14
